delivery_id,pred_service_min,pred_late_prob
ORD0092308,8.48,0.002
ORD0092309,8.14,0.002
ORD0092310,12.63,0.002
ORD0092311,11.45,0.0058
ORD0092312,13.79,0.0086
ORD0092313,16.12,0.09
ORD0092314,16.79,0.002
ORD0092315,25.98,0.8008
ORD0092316,21.18,0.002
ORD0092317,10.43,0.002
ORD0092318,7.5,0.002
ORD0092319,8.28,0.002
ORD0092320,18.98,0.002
ORD0092321,15.88,0.002
ORD0092322,20.13,0.9902
ORD0092323,14.28,0.0067
ORD0092324,12.39,0.284
ORD0092325,9.55,0.0926
ORD0092326,16.22,0.0021
ORD0092327,16.91,0.9008
ORD0092328,19.22,0.525
ORD0092329,13.02,0.0224
ORD0092330,11.21,0.002
ORD0092331,10.8,0.4631
ORD0092332,21.36,0.002
ORD0092333,14.7,0.002
ORD0092334,10.63,0.002
ORD0092335,13.09,0.002
ORD0092336,11.06,0.002
ORD0092337,16.51,0.0172
ORD0092338,16.76,0.002
ORD0092339,13.89,0.2315
ORD0092340,13.41,0.0045
ORD0092341,24.18,0.002
ORD0092342,9.68,0.8043
ORD0092343,8.73,0.0283
ORD0092344,11.37,0.0128
ORD0092345,23.97,0.0044
ORD0092346,17.32,0.002
ORD0092347,13.8,0.002
ORD0092348,17.02,0.0509
ORD0092349,13.86,0.002
ORD0092350,16.9,0.002
ORD0092351,15.68,0.002
ORD0092352,11.3,0.577
ORD0092353,8.4,0.0097
ORD0092354,18.76,0.9467
ORD0092355,14.71,0.0293
ORD0092356,8.31,0.0034
ORD0092357,26.82,0.002
ORD0092358,20.8,0.002
ORD0092359,10.72,0.0091
ORD0092360,12.54,0.002
ORD0092361,12.83,0.0202
ORD0092362,12.63,0.003
ORD0092363,23.95,0.002
ORD0092364,14.82,0.0628
ORD0092365,13.24,0.0064
ORD0092366,17.25,0.0024
ORD0092367,17.09,0.002
ORD0092368,13.7,0.0083
ORD0092369,19.29,0.002
ORD0092370,18.64,0.3179
ORD0092371,20.2,0.5841
ORD0092372,13.7,0.6668
ORD0092373,14.31,0.1632
ORD0092374,11.56,0.3159
ORD0092375,11.57,0.8725
ORD0092376,10.35,0.796
ORD0092377,9.53,0.0104
ORD0092378,15.7,0.0067
ORD0092379,11.45,0.0031
ORD0092380,8.51,0.002
ORD0092381,10.13,0.002
ORD0092382,10.52,0.0444
ORD0092383,8.97,0.002
ORD0092384,6.89,0.1972
ORD0092385,7.1,0.0126
ORD0092386,10.67,0.7352
ORD0092387,10.58,0.0413
ORD0092388,10.56,0.9315
ORD0092389,9.27,0.2423
ORD0092390,11.49,0.002
ORD0092391,10.62,0.002
ORD0092392,10.77,0.002
ORD0092393,9.13,0.002
ORD0092394,9.42,0.002
ORD0092395,7.17,0.002
ORD0092396,7.12,0.002
ORD0092397,10.18,0.012
ORD0092398,8.86,0.117
ORD0092399,11.57,0.7362
ORD0092400,9.94,0.0023
ORD0092401,11.75,0.9898
ORD0092402,13.7,0.002
ORD0092403,20.7,0.002
ORD0092404,25.13,0.005
ORD0092405,9.0,0.002
ORD0092406,10.29,0.0442
ORD0092407,13.29,0.0104
ORD0092408,12.28,0.773
ORD0092409,19.51,0.002
ORD0092410,18.18,0.002
ORD0092411,13.73,0.002
ORD0092412,18.48,0.0069
ORD0092413,18.16,0.0045
ORD0092414,11.43,0.002
ORD0092415,9.88,0.002
ORD0092416,14.43,0.0451
ORD0092417,14.04,0.002
ORD0092418,13.42,0.002
ORD0092419,75.12,0.002
ORD0092420,27.79,0.002
ORD0092421,19.07,0.7734
ORD0092422,9.3,0.2028
ORD0092423,7.97,0.1512
ORD0092424,13.4,0.9707
ORD0092425,19.7,0.9943
ORD0092426,12.8,0.3917
ORD0092427,13.57,0.4961
ORD0092428,11.33,0.2107
ORD0092429,11.89,0.5593
ORD0092430,11.3,0.4234
ORD0092431,12.16,0.8378
ORD0092432,18.26,0.0561
ORD0092433,13.12,0.1086
ORD0092434,15.05,0.8923
ORD0092435,39.83,0.0772
ORD0092436,16.18,0.0029
ORD0092437,13.38,0.0909
ORD0092438,12.51,0.0136
ORD0092439,31.54,0.1671
ORD0092440,33.46,0.6047
ORD0092441,20.16,0.9014
ORD0092442,22.17,0.974
ORD0092443,8.2,0.002
ORD0092444,8.68,0.0257
ORD0092445,7.7,0.002
ORD0092446,8.32,0.0372
ORD0092447,11.93,0.002
ORD0092448,11.57,0.002
ORD0092449,12.33,0.0048
ORD0092450,17.64,0.0117
ORD0092451,15.84,0.002
ORD0092452,23.87,0.1365
ORD0092453,8.76,0.002
ORD0092454,6.86,0.002
ORD0092455,7.24,0.002
ORD0092456,7.73,0.002
ORD0092457,17.95,0.002
ORD0092458,18.86,0.002
ORD0092459,18.62,0.8442
ORD0092460,14.47,0.3037
ORD0092461,12.61,0.9903
ORD0092462,14.36,0.3465
ORD0092463,10.08,0.002
ORD0092464,14.58,0.0101
ORD0092465,51.62,0.002
ORD0092466,55.31,0.002
ORD0092467,12.72,0.002
ORD0092468,10.99,0.033
ORD0092469,10.21,0.002
ORD0092470,10.76,0.5451
ORD0092471,15.93,0.002
ORD0092472,15.72,0.002
ORD0092473,9.11,0.0031
ORD0092474,6.86,0.002
ORD0092475,12.91,0.0129
ORD0092476,11.33,0.002
ORD0092477,19.25,0.0895
ORD0092478,17.64,0.0131
ORD0092479,12.88,0.539
ORD0092480,13.28,0.196
ORD0092481,23.06,0.002
ORD0092482,22.59,0.002
ORD0092483,10.13,0.945
ORD0092484,10.67,0.002
ORD0092485,10.94,0.002
ORD0092486,20.14,0.002
ORD0092487,17.15,0.002
ORD0092488,11.29,0.002
ORD0092489,11.49,0.002
ORD0092490,16.34,0.0043
ORD0092491,16.5,0.0049
ORD0092492,17.62,0.002
ORD0092493,15.08,0.002
ORD0092494,9.4,0.069
ORD0092495,7.83,0.0348
ORD0092496,16.13,0.4907
ORD0092497,16.45,0.3439
ORD0092498,7.38,0.002
ORD0092499,7.24,0.002
ORD0092500,11.95,0.0064
ORD0092501,11.55,0.047
ORD0092502,11.92,0.0291
ORD0092503,12.82,0.1791
ORD0092504,22.98,0.002
ORD0092505,19.3,0.012
ORD0092506,13.44,0.0881
ORD0092507,15.11,0.002
ORD0092508,14.24,0.0081
ORD0092509,11.94,0.0585
ORD0092510,17.07,0.002
ORD0092511,16.78,0.002
ORD0092512,11.31,0.0037
ORD0092513,12.47,0.002
ORD0092514,14.67,0.002
ORD0092515,10.37,0.002
ORD0092516,9.95,0.0069
ORD0092517,8.3,0.0025
ORD0092518,8.69,0.0027
ORD0092519,10.67,0.02
ORD0092520,13.27,0.002
ORD0092521,12.07,0.0081
ORD0092522,10.46,0.002
ORD0092523,13.26,0.0039
ORD0092524,8.13,0.0174
ORD0092525,10.01,0.1061
ORD0092526,7.86,0.002
ORD0092527,7.73,0.0423
ORD0092528,5.94,0.0111
ORD0092529,7.84,0.0109
ORD0092530,9.44,0.0495
ORD0092531,8.22,0.2661
ORD0092532,8.26,0.0391
ORD0092533,9.33,0.002
ORD0092534,8.95,0.002
ORD0092535,8.81,0.002
ORD0092536,7.9,0.002
ORD0092537,5.94,0.002
ORD0092538,5.81,0.002
ORD0092539,8.38,0.0114
ORD0092540,8.05,0.002
ORD0092541,7.33,0.0253
ORD0092542,6.41,0.002
ORD0092543,10.09,0.2915
ORD0092544,8.08,0.002
ORD0092545,8.25,0.002
ORD0092546,12.15,0.002
ORD0092547,10.97,0.002
ORD0092548,16.33,0.002
ORD0092549,20.32,0.002
ORD0092550,6.86,0.002
ORD0092551,7.85,0.002
ORD0092552,9.67,0.002
ORD0092553,16.18,0.002
ORD0092554,13.58,0.002
ORD0092555,15.75,0.002
ORD0092556,15.23,0.0034
ORD0092557,14.5,0.002
ORD0092558,10.81,0.002
ORD0092559,8.28,0.002
ORD0092560,10.78,0.025
ORD0092561,15.25,0.002
ORD0092562,11.81,0.002
ORD0092563,14.47,0.087
ORD0092564,12.23,0.1178
ORD0092565,8.01,0.02
ORD0092566,6.72,0.0251
ORD0092567,9.82,0.2895
ORD0092568,7.57,0.275
ORD0092569,20.34,0.7234
ORD0092570,16.26,0.5928
ORD0092571,11.07,0.0347
ORD0092572,9.62,0.0604
ORD0092573,8.38,0.0637
ORD0092574,8.9,0.156
ORD0092575,15.26,0.1111
ORD0092576,14.65,0.1411
ORD0092577,11.72,0.2497
ORD0092578,8.59,0.2313
ORD0092579,15.15,0.002
ORD0092580,10.58,0.002
ORD0092581,12.7,0.002
ORD0092582,33.54,0.0136
ORD0092583,14.69,0.2368
ORD0092584,8.49,0.002
ORD0092585,8.5,0.002
ORD0092586,8.2,0.002
ORD0092587,12.96,0.002
ORD0092588,12.0,0.004
ORD0092589,11.13,0.002
ORD0092590,10.44,0.002
ORD0092591,12.16,0.002
ORD0092592,12.91,0.002
ORD0092593,18.31,0.0029
ORD0092594,23.89,0.0352
ORD0092595,20.98,0.0074
ORD0092596,10.09,0.002
ORD0092597,8.5,0.002
ORD0092598,16.64,0.002
ORD0092599,17.77,0.5026
ORD0092600,12.63,0.0157
ORD0092601,13.05,0.9791
ORD0092602,10.19,0.8944
ORD0092603,12.16,0.002
ORD0092604,11.97,0.002
ORD0092605,14.44,0.002
ORD0092606,19.7,0.9864
ORD0092607,11.92,0.002
ORD0092608,10.84,0.002
ORD0092609,11.57,0.002
ORD0092610,19.72,0.002
ORD0092611,9.74,0.002
ORD0092612,7.84,0.002
ORD0092613,14.97,0.002
ORD0092614,18.62,0.002
ORD0092615,13.41,0.0305
ORD0092616,12.6,0.002
ORD0092617,25.59,0.002
ORD0092618,21.1,0.002
ORD0092619,9.67,0.4272
ORD0092620,8.08,0.002
ORD0092621,11.5,0.002
ORD0092622,60.86,0.002
ORD0092623,36.98,0.1141
ORD0092624,22.71,0.002
ORD0092625,17.95,0.002
ORD0092626,17.32,0.002
ORD0092627,14.15,0.002
ORD0092628,12.39,0.002
ORD0092629,16.64,0.002
ORD0092630,15.18,0.002
ORD0092631,14.79,0.002
ORD0092632,10.18,0.0195
ORD0092633,15.09,0.3592
ORD0092634,8.41,0.002
ORD0092635,55.7,0.002
ORD0092636,10.16,0.0257
ORD0092637,13.17,0.0101
ORD0092638,12.98,0.0753
ORD0092639,11.96,0.0315
ORD0092640,28.67,0.002
ORD0092641,19.6,0.002
ORD0092642,14.08,0.189
ORD0092643,14.48,0.08
ORD0092644,19.64,0.0071
ORD0092645,19.5,0.0029
ORD0092646,16.46,0.025
ORD0092647,11.4,0.0127
ORD0092648,19.32,0.002
ORD0092649,10.18,0.0042
ORD0092650,14.24,0.002
ORD0092651,10.55,0.0077
ORD0092652,9.55,0.004
ORD0092653,15.37,0.1176
ORD0092654,12.49,0.002
ORD0092655,12.36,0.002
ORD0092656,9.13,0.011
ORD0092657,7.9,0.002
ORD0092658,9.26,0.0245
ORD0092659,7.99,0.0054
ORD0092660,7.63,0.0311
ORD0092661,8.51,0.0185
ORD0092662,10.89,0.2064
ORD0092663,9.18,0.7308
ORD0092664,8.54,0.061
ORD0092665,10.93,0.002
ORD0092666,10.43,0.002
ORD0092667,10.8,0.002
ORD0092668,9.2,0.002
ORD0092669,7.14,0.002
ORD0092670,8.81,0.002
ORD0092671,8.84,0.002
ORD0092672,8.08,0.002
ORD0092673,8.02,0.002
ORD0092674,10.81,0.0054
ORD0092675,9.5,0.002
ORD0092676,9.44,0.002
ORD0092677,9.57,0.002
ORD0092678,13.25,0.002
ORD0092679,12.18,0.002
ORD0092680,18.75,0.002
ORD0092681,22.44,0.002
ORD0092682,7.88,0.002
ORD0092683,14.18,0.002
ORD0092684,10.6,0.002
ORD0092685,31.6,0.002
ORD0092686,42.76,0.002
ORD0092687,17.59,0.002
ORD0092688,17.92,0.0067
ORD0092689,13.78,0.0043
ORD0092690,18.82,0.1158
ORD0092691,12.08,0.002
ORD0092692,9.24,0.002
ORD0092693,15.67,0.8363
ORD0092694,13.67,0.0476
ORD0092695,14.25,0.002
ORD0092696,12.07,0.0033
ORD0092697,15.92,0.1933
ORD0092698,13.47,0.0114
ORD0092699,8.84,0.0286
ORD0092700,7.7,0.0042
ORD0092701,13.57,0.5016
ORD0092702,8.36,0.0559
ORD0092703,20.35,0.916
ORD0092704,17.07,0.1063
ORD0092705,13.96,0.0933
ORD0092706,11.47,0.1005
ORD0092707,10.84,0.0731
ORD0092708,11.59,0.2712
ORD0092709,10.27,0.135
ORD0092710,17.85,0.1044
ORD0092711,14.08,0.0794
ORD0092712,13.93,0.1738
ORD0092713,10.36,0.1225
ORD0092714,14.97,0.0024
ORD0092715,12.51,0.0146
ORD0092716,12.55,0.0106
ORD0092717,13.19,0.13
ORD0092718,38.54,0.2333
ORD0092719,18.63,0.9044
ORD0092720,21.44,0.6647
ORD0092721,25.31,0.002
ORD0092722,10.34,0.0034
ORD0092723,10.28,0.002
ORD0092724,10.96,0.2618
ORD0092725,9.56,0.002
ORD0092726,15.46,0.1513
ORD0092727,14.33,0.002
ORD0092728,14.68,0.002
ORD0092729,12.92,0.0242
ORD0092730,17.69,0.002
ORD0092731,17.39,0.002
ORD0092732,19.11,0.0121
ORD0092733,25.15,0.4619
ORD0092734,23.29,0.1298
ORD0092735,9.07,0.002
ORD0092736,9.11,0.002
ORD0092737,10.87,0.002
ORD0092738,10.23,0.0127
ORD0092739,23.17,0.002
ORD0092740,20.04,0.002
ORD0092741,19.56,0.9254
ORD0092742,19.92,0.9706
ORD0092743,16.07,0.9951
ORD0092744,17.26,0.002
ORD0092745,13.39,0.002
ORD0092746,19.51,0.002
ORD0092747,25.99,0.998
ORD0092748,52.08,0.002
ORD0092749,52.71,0.9498
ORD0092750,31.01,0.002
ORD0092751,85.14,0.002
ORD0092752,29.74,0.002
ORD0092753,51.44,0.002
ORD0092754,13.72,0.002
ORD0092755,14.88,0.002
ORD0092756,12.74,0.002
ORD0092757,11.29,0.0047
ORD0092758,24.68,0.002
ORD0092759,18.07,0.002
ORD0092760,11.48,0.002
ORD0092761,18.1,0.0062
ORD0092762,23.35,0.0433
ORD0092763,19.5,0.035
ORD0092764,16.78,0.6052
ORD0092765,24.18,0.002
ORD0092766,11.35,0.002
ORD0092767,14.77,0.6971
ORD0092768,14.07,0.002
ORD0092769,14.76,0.002
ORD0092770,27.38,0.0043
ORD0092771,16.91,0.002
ORD0092772,14.0,0.002
ORD0092773,24.94,0.0393
ORD0092774,21.55,0.0392
ORD0092775,19.03,0.002
ORD0092776,18.24,0.0032
ORD0092777,15.2,0.5406
ORD0092778,23.5,0.9571
ORD0092779,21.41,0.6017
ORD0092780,10.03,0.0029
ORD0092781,8.54,0.0383
ORD0092782,14.11,0.022
ORD0092783,16.13,0.0041
ORD0092784,14.83,0.0721
ORD0092785,14.32,0.0112
ORD0092786,27.75,0.002
ORD0092787,24.33,0.002
ORD0092788,17.09,0.2256
ORD0092789,15.77,0.0313
ORD0092790,20.64,0.003
ORD0092791,18.95,0.002
ORD0092792,17.99,0.02
ORD0092793,13.98,0.0034
ORD0092794,24.75,0.0533
ORD0092795,19.47,0.01
ORD0092796,12.59,0.1306
ORD0092797,14.0,0.0223
ORD0092798,17.95,0.0296
ORD0092799,14.18,0.0062
ORD0092800,13.91,0.3914
ORD0092801,11.99,0.0596
ORD0092802,11.04,0.0316
ORD0092803,11.5,0.0148
ORD0092804,16.7,0.0124
ORD0092805,17.22,0.0036
ORD0092806,13.73,0.0071
ORD0092807,18.7,0.002
ORD0092808,9.3,0.002
ORD0092809,15.48,0.1484
ORD0092810,8.42,0.0032
ORD0092811,7.94,0.1758
ORD0092812,12.33,0.0151
ORD0092813,12.9,0.6954
ORD0092814,10.82,0.0698
ORD0092815,11.67,0.002
ORD0092816,11.67,0.002
ORD0092817,11.23,0.002
ORD0092818,11.17,0.002
ORD0092819,10.07,0.002
ORD0092820,10.35,0.002
ORD0092821,7.96,0.002
ORD0092822,8.0,0.002
ORD0092823,10.03,0.002
ORD0092824,10.43,0.002
ORD0092825,8.66,0.0041
ORD0092826,8.68,0.002
ORD0092827,12.04,0.0286
ORD0092828,10.14,0.0035
ORD0092829,10.24,0.002
ORD0092830,14.78,0.002
ORD0092831,14.93,0.002
ORD0092832,23.46,0.002
ORD0092833,9.93,0.002
ORD0092834,13.6,0.002
ORD0092835,13.62,0.002
ORD0092836,23.72,0.002
ORD0092837,62.64,0.002
ORD0092838,43.66,0.002
ORD0092839,31.61,0.002
ORD0092840,52.55,0.002
ORD0092841,35.97,0.002
ORD0092842,20.16,0.002
ORD0092843,18.92,0.002
ORD0092844,17.81,0.002
ORD0092845,18.09,0.002
ORD0092846,19.14,0.0151
ORD0092847,12.78,0.002
ORD0092848,15.77,0.2658
ORD0092849,15.51,0.002
ORD0092850,14.59,0.002
ORD0092851,20.39,0.1017
ORD0092852,9.24,0.016
ORD0092853,15.63,0.3394
ORD0092854,10.43,0.011
ORD0092855,25.17,0.7931
ORD0092856,16.55,0.0128
ORD0092857,14.18,0.0317
ORD0092858,11.86,0.0039
ORD0092859,12.37,0.2552
ORD0092860,12.9,0.1557
ORD0092861,14.6,0.4318
ORD0092862,13.66,0.8157
ORD0092863,19.69,0.0705
ORD0092864,14.08,0.1526
ORD0092865,11.49,0.2259
ORD0092866,14.76,0.002
ORD0092867,13.6,0.0056
ORD0092868,14.88,0.0026
ORD0092869,37.02,0.0561
ORD0092870,36.38,0.0244
ORD0092871,19.41,0.4283
ORD0092872,19.22,0.3411
ORD0092873,11.43,0.5378
ORD0092874,10.86,0.002
ORD0092875,12.61,0.9932
ORD0092876,9.4,0.002
ORD0092877,17.68,0.9922
ORD0092878,14.57,0.002
ORD0092879,12.89,0.002
ORD0092880,12.5,0.0311
ORD0092881,18.28,0.0652
ORD0092882,15.39,0.002
ORD0092883,24.55,0.6315
ORD0092884,33.42,0.9834
ORD0092885,23.27,0.4625
ORD0092886,13.73,0.002
ORD0092887,10.97,0.002
ORD0092888,10.53,0.002
ORD0092889,10.63,0.0078
ORD0092890,21.71,0.002
ORD0092891,18.22,0.0126
ORD0092892,19.44,0.998
ORD0092893,19.02,0.0073
ORD0092894,14.41,0.002
ORD0092895,20.85,0.1714
ORD0092896,48.71,0.002
ORD0092897,45.49,0.002
ORD0092898,16.9,0.002
ORD0092899,12.12,0.002
ORD0092900,16.28,0.002
ORD0092901,25.93,0.002
ORD0092902,9.75,0.002
ORD0092903,10.1,0.0037
ORD0092904,16.31,0.0077
ORD0092905,16.91,0.0299
ORD0092906,23.44,0.2352
ORD0092907,26.6,0.2848
ORD0092908,17.87,0.0083
ORD0092909,31.77,0.002
ORD0092910,32.49,0.002
ORD0092911,14.57,0.8936
ORD0092912,18.59,0.002
ORD0092913,17.13,0.002
ORD0092914,36.15,0.0029
ORD0092915,16.9,0.002
ORD0092916,18.95,0.0758
ORD0092917,19.96,0.002
ORD0092918,18.37,0.002
ORD0092919,16.66,0.5481
ORD0092920,9.89,0.002
ORD0092921,21.69,0.9784
ORD0092922,10.82,0.002
ORD0092923,9.47,0.002
ORD0092924,12.23,0.036
ORD0092925,17.67,0.1012
ORD0092926,28.05,0.0021
ORD0092927,21.09,0.454
ORD0092928,17.32,0.0021
ORD0092929,20.58,0.0095
ORD0092930,19.91,0.0027
ORD0092931,16.74,0.0339
ORD0092932,55.61,0.0269
ORD0092933,45.89,0.002
ORD0092934,22.77,0.002
ORD0092935,15.28,0.0038
ORD0092936,14.65,0.002
ORD0092937,19.92,0.002
ORD0092938,14.54,0.0117
ORD0092939,11.25,0.002
ORD0092940,43.88,0.002
ORD0092941,11.7,0.002
ORD0092942,11.77,0.0102
ORD0092943,23.25,0.002
ORD0092944,21.26,0.0025
ORD0092945,15.61,0.002
ORD0092946,13.38,0.002
ORD0092947,13.28,0.005
ORD0092948,12.79,0.0177
ORD0092949,24.02,0.002
ORD0092950,51.7,0.002
ORD0092951,7.8,0.0474
ORD0092952,13.14,0.288
ORD0092953,13.0,0.0883
ORD0092954,11.34,0.8038
ORD0092955,11.22,0.002
ORD0092956,10.69,0.002
ORD0092957,10.5,0.002
ORD0092958,10.5,0.002
ORD0092959,11.4,0.002
ORD0092960,7.01,0.002
ORD0092961,9.69,0.002
ORD0092962,9.21,0.002
ORD0092963,7.78,0.002
ORD0092964,9.51,0.002
ORD0092965,9.15,0.002
ORD0092966,9.86,0.002
ORD0092967,10.48,0.002
ORD0092968,15.31,0.002
ORD0092969,16.57,0.2468
ORD0092970,23.8,0.002
ORD0092971,24.82,0.054
ORD0092972,9.1,0.002
ORD0092973,10.07,0.9646
ORD0092974,15.45,0.002
ORD0092975,18.92,0.002
ORD0092976,18.8,0.0271
ORD0092977,15.75,0.002
ORD0092978,19.0,0.0207
ORD0092979,17.4,0.6757
ORD0092980,12.02,0.002
ORD0092981,19.76,0.4271
ORD0092982,16.26,0.002
ORD0092983,16.06,0.0109
ORD0092984,20.94,0.2792
ORD0092985,15.69,0.4551
ORD0092986,10.31,0.0178
ORD0092987,13.11,0.7684
ORD0092988,23.75,0.9651
ORD0092989,20.89,0.8891
ORD0092990,11.9,0.0909
ORD0092991,11.08,0.068
ORD0092992,12.96,0.1611
ORD0092993,11.79,0.444
ORD0092994,22.21,0.17
ORD0092995,15.36,0.1467
ORD0092996,15.21,0.2793
ORD0092997,19.55,0.005
ORD0092998,12.48,0.002
ORD0092999,16.35,0.0201
ORD0093000,17.56,0.002
ORD0093001,36.2,0.3147
ORD0093002,31.43,0.016
ORD0093003,24.72,0.9542
ORD0093004,25.1,0.3349
ORD0093005,9.17,0.002
ORD0093006,9.06,0.002
ORD0093007,9.04,0.002
ORD0093008,13.32,0.002
ORD0093009,13.05,0.002
ORD0093010,12.87,0.0316
ORD0093011,9.56,0.002
ORD0093012,15.31,0.002
ORD0093013,13.84,0.002
ORD0093014,23.18,0.002
ORD0093015,15.59,0.008
ORD0093016,25.06,0.0078
ORD0093017,17.66,0.1198
ORD0093018,11.11,0.002
ORD0093019,9.99,0.0083
ORD0093021,20.19,0.002
ORD0093023,18.54,0.2238
ORD0093024,14.17,0.6058
ORD0093025,8.62,0.002
ORD0093026,16.51,0.002
ORD0093027,13.24,0.002
ORD0093028,23.49,0.9791
ORD0093030,14.43,0.002
ORD0093031,12.61,0.002
ORD0093032,10.6,0.002
ORD0093033,18.71,0.002
ORD0093034,17.14,0.002
ORD0093035,8.91,0.0073
ORD0093036,8.85,0.002
ORD0093037,11.76,0.002
ORD0093038,13.23,0.0056
ORD0093039,21.32,0.1432
ORD0093040,17.49,0.8877
ORD0093041,17.29,0.002
ORD0093042,28.17,0.002
ORD0093043,31.37,0.002
ORD0093044,12.04,0.9912
ORD0093045,11.72,0.0038
ORD0093046,12.66,0.002
ORD0093047,14.12,0.002
ORD0093048,75.76,0.002
ORD0093049,52.19,0.002
ORD0093050,26.21,0.0084
ORD0093051,23.53,0.002
ORD0093052,16.68,0.002
ORD0093053,13.19,0.002
ORD0093054,23.81,0.1216
ORD0093055,17.84,0.002
ORD0093056,13.58,0.8168
ORD0093057,9.02,0.0055
ORD0093058,18.95,0.9885
ORD0093059,17.24,0.0336
ORD0093060,8.67,0.0068
ORD0093061,8.73,0.002
ORD0093062,11.57,0.0242
ORD0093063,15.85,0.0994
ORD0093064,22.87,0.0021
ORD0093065,23.47,0.0766
ORD0093066,19.61,0.5229
ORD0093067,20.69,0.0043
ORD0093068,18.03,0.0191
ORD0093069,16.53,0.619
ORD0093070,26.81,0.0657
ORD0093071,22.29,0.0054
ORD0093072,13.13,0.163
ORD0093073,15.62,0.0077
ORD0093074,15.79,0.0287
ORD0093075,12.14,0.0033
ORD0093076,15.26,0.5277
ORD0093077,11.0,0.002
ORD0093078,10.04,0.003
ORD0093079,17.05,0.002
ORD0093080,20.56,0.002
ORD0093081,13.04,0.002
ORD0093082,9.14,0.002
ORD0093083,9.01,0.0161
ORD0093084,11.05,0.0068
ORD0093085,9.58,0.0798
ORD0093086,26.37,0.002
ORD0093087,8.72,0.01
ORD0093088,13.76,0.0415
ORD0093089,14.76,0.096
ORD0093090,10.07,0.3419
ORD0093091,10.01,0.6553
ORD0093092,11.64,0.002
ORD0093093,11.07,0.002
ORD0093094,10.93,0.002
ORD0093095,10.78,0.002
ORD0093096,11.12,0.002
ORD0093097,9.29,0.0041
ORD0093098,6.97,0.002
ORD0093099,7.17,0.002
ORD0093100,10.34,0.0055
ORD0093101,8.92,0.1402
ORD0093102,8.28,0.0509
ORD0093103,12.96,0.6221
ORD0093104,10.19,0.002
ORD0093105,10.81,0.002
ORD0093106,15.27,0.002
ORD0093107,23.34,0.002
ORD0093108,9.26,0.0508
ORD0093109,10.05,0.002
ORD0093110,15.91,0.5693
ORD0093111,11.82,0.002
ORD0093112,21.12,0.002
ORD0093113,19.59,0.002
ORD0093114,17.08,0.002
ORD0093115,17.22,0.002
ORD0093116,20.61,0.0031
ORD0093117,18.81,0.0066
ORD0093118,11.0,0.002
ORD0093119,9.28,0.002
ORD0093120,16.27,0.0592
ORD0093121,19.55,0.0812
ORD0093122,14.29,0.002
ORD0093123,17.96,0.002
ORD0093124,25.84,0.002
ORD0093125,16.83,0.156
ORD0093126,15.08,0.1742
ORD0093127,8.86,0.0209
ORD0093128,8.21,0.0168
ORD0093129,15.89,0.5181
ORD0093130,11.29,0.5785
ORD0093131,25.02,0.9003
ORD0093132,15.12,0.043
ORD0093133,14.12,0.0464
ORD0093134,26.86,0.002
ORD0093135,13.42,0.35
ORD0093136,11.93,0.3838
ORD0093137,12.31,0.7576
ORD0093138,22.22,0.124
ORD0093139,16.74,0.1565
ORD0093140,16.82,0.3123
ORD0093141,16.47,0.0098
ORD0093142,13.86,0.1044
ORD0093143,14.33,0.002
ORD0093144,47.2,0.9446
ORD0093145,32.2,0.002
ORD0093146,23.71,0.9964
ORD0093147,8.7,0.002
ORD0093148,9.39,0.002
ORD0093149,13.32,0.002
ORD0093150,13.91,0.002
ORD0093151,14.96,0.0042
ORD0093152,20.46,0.0239
ORD0093153,21.98,0.002
ORD0093154,20.85,0.7651
ORD0093155,19.06,0.7813
ORD0093156,9.22,0.002
ORD0093157,10.11,0.002
ORD0093158,8.15,0.002
ORD0093159,19.06,0.002
ORD0093160,21.71,0.002
ORD0093161,19.29,0.991
ORD0093162,17.58,0.0473
ORD0093163,12.71,0.0112
ORD0093164,14.19,0.6422
ORD0093165,15.91,0.002
ORD0093166,15.91,0.0662
ORD0093167,21.42,0.9915
ORD0093168,13.94,0.0399
ORD0093169,12.85,0.002
ORD0093170,12.24,0.5683
ORD0093171,19.4,0.002
ORD0093172,18.09,0.002
ORD0093173,10.89,0.002
ORD0093174,12.42,0.002
ORD0093175,12.43,0.002
ORD0093176,18.58,0.0043
ORD0093177,16.48,0.0038
ORD0093178,12.96,0.0709
ORD0093179,14.51,0.0865
ORD0093180,29.37,0.002
ORD0093181,10.07,0.5896
ORD0093182,12.35,0.6644
ORD0093183,11.99,0.0182
ORD0093184,26.38,0.0086
ORD0093185,17.45,0.002
ORD0093186,13.18,0.002
ORD0093187,21.54,0.0686
ORD0093188,17.19,0.0029
ORD0093189,18.03,0.002
ORD0093190,15.43,0.002
ORD0093191,13.76,0.7664
ORD0093192,8.43,0.0328
ORD0093193,19.43,0.9803
ORD0093194,18.16,0.3579
ORD0093195,7.96,0.0097
ORD0093196,23.66,0.002
ORD0093197,24.18,0.002
ORD0093198,11.38,0.0207
ORD0093199,11.29,0.0167
ORD0093200,13.06,0.0781
ORD0093201,12.12,0.0554
ORD0093202,24.64,0.002
ORD0093203,14.1,0.3084
ORD0093204,17.63,0.2271
ORD0093205,17.44,0.0046
ORD0093206,16.01,0.0168
ORD0093207,13.76,0.0262
ORD0093208,19.3,0.0023
ORD0093209,19.0,0.0721
ORD0093210,11.44,0.0033
ORD0093211,16.54,0.002
ORD0093212,11.08,0.0382
ORD0093213,9.06,0.0118
ORD0093214,11.47,0.2969
ORD0093215,12.04,0.2188
ORD0093216,21.13,0.0502
ORD0093217,14.77,0.9418
ORD0093218,10.69,0.7938
ORD0093219,8.25,0.8528
ORD0093220,14.38,0.9843
ORD0093221,10.58,0.9725
ORD0093222,8.96,0.0101
ORD0093223,6.76,0.0259
ORD0093224,12.62,0.0269
ORD0093225,11.34,0.0904
ORD0093226,9.02,0.1045
ORD0093227,8.84,0.5918
ORD0093228,10.83,0.002
ORD0093229,11.41,0.2296
ORD0093230,10.75,0.002
ORD0093231,9.17,0.002
ORD0093232,9.97,0.002
ORD0093233,6.95,0.002
ORD0093234,6.99,0.002
ORD0093235,9.9,0.002
ORD0093236,7.98,0.002
ORD0093237,10.4,0.002
ORD0093238,9.54,0.002
ORD0093239,9.8,0.002
ORD0093240,13.19,0.002
ORD0093241,24.95,0.002
ORD0093242,21.59,0.002
ORD0093243,9.3,0.002
ORD0093244,8.99,0.002
ORD0093245,11.27,0.002
ORD0093246,10.5,0.0154
ORD0093247,18.32,0.002
ORD0093248,17.72,0.002
ORD0093249,16.82,0.002
ORD0093250,21.33,0.0197
ORD0093251,19.18,0.002
ORD0093252,11.21,0.002
ORD0093253,9.17,0.002
ORD0093254,16.96,0.3418
ORD0093255,14.58,0.002
ORD0093256,12.83,0.002
ORD0093257,72.03,0.002
ORD0093258,18.92,0.1033
ORD0093259,10.74,0.0191
ORD0093260,7.66,0.0323
ORD0093261,12.15,0.3725
ORD0093262,20.52,0.8504
ORD0093263,11.77,0.0253
ORD0093264,12.08,0.1573
ORD0093265,11.64,0.556
ORD0093266,12.25,0.5425
ORD0093267,12.81,0.8788
ORD0093268,11.58,0.2768
ORD0093269,17.53,0.3479
ORD0093270,15.52,0.5998
ORD0093271,11.3,0.8807
ORD0093272,46.09,0.0978
ORD0093273,18.0,0.002
ORD0093274,14.52,0.0105
ORD0093275,14.88,0.0072
ORD0093276,41.79,0.1682
ORD0093277,36.24,0.0656
ORD0093278,22.74,0.8883
ORD0093279,24.6,0.7301
ORD0093280,8.14,0.002
ORD0093281,9.33,0.6799
ORD0093282,8.23,0.002
ORD0093283,9.07,0.784
ORD0093284,12.05,0.002
ORD0093285,10.76,0.002
ORD0093286,11.55,0.002
ORD0093287,16.22,0.002
ORD0093288,20.47,0.002
ORD0093289,18.29,0.0073
ORD0093290,10.04,0.002
ORD0093291,6.65,0.002
ORD0093292,7.28,0.002
ORD0093293,12.03,0.002
ORD0093294,18.5,0.002
ORD0093295,20.61,0.0023
ORD0093296,14.49,0.2571
ORD0093297,11.23,0.002
ORD0093298,9.69,0.0048
ORD0093299,8.34,0.0028
ORD0093300,13.19,0.002
ORD0093301,15.89,0.0655
ORD0093302,51.25,0.002
ORD0093303,11.8,0.002
ORD0093304,10.6,0.002
ORD0093305,10.71,0.002
ORD0093306,8.96,0.002
ORD0093307,16.85,0.002
ORD0093308,13.84,0.002
ORD0093309,8.14,0.002
ORD0093310,7.45,0.002
ORD0093311,12.73,0.0032
ORD0093312,10.29,0.002
ORD0093313,16.43,0.0282
ORD0093314,17.19,0.02
ORD0093315,14.36,0.2808
ORD0093316,12.88,0.3649
ORD0093317,30.29,0.002
ORD0093318,23.29,0.002
ORD0093319,9.98,0.8446
ORD0093320,11.57,0.002
ORD0093321,11.41,0.002
ORD0093322,24.69,0.002
ORD0093323,17.57,0.003
ORD0093324,11.03,0.002
ORD0093325,11.33,0.002
ORD0093326,19.09,0.0115
ORD0093327,16.1,0.034
ORD0093328,15.41,0.002
ORD0093329,13.95,0.002
ORD0093330,9.28,0.0746
ORD0093331,9.36,0.2966
ORD0093332,15.69,0.5928
ORD0093333,15.33,0.76
ORD0093334,7.13,0.002
ORD0093335,7.93,0.0022
ORD0093336,10.87,0.004
ORD0093337,11.96,0.1005
ORD0093338,12.48,0.0077
ORD0093339,13.22,0.3177
ORD0093340,27.92,0.002
ORD0093341,21.37,0.0245
ORD0093342,13.06,0.0262
ORD0093343,16.62,0.002
ORD0093344,12.9,0.0045
ORD0093345,13.2,0.1008
ORD0093346,16.37,0.0109
ORD0093347,16.88,0.0027
ORD0093348,13.7,0.0239
ORD0093349,11.66,0.0039
ORD0093350,10.99,0.0078
ORD0093351,10.15,0.002
ORD0093352,11.66,0.0883
ORD0093353,9.35,0.0082
ORD0093354,20.14,0.002
ORD0093355,9.46,0.0044
ORD0093356,10.22,0.0067
ORD0093357,13.77,0.6988
ORD0093358,13.74,0.0024
ORD0093359,10.21,0.0035
ORD0093360,10.91,0.002
ORD0093361,7.82,0.0172
ORD0093362,7.89,0.1217
ORD0093363,11.16,0.1104
ORD0093364,8.29,0.0162
ORD0093365,6.26,0.0882
ORD0093366,6.62,0.1623
ORD0093367,11.12,0.5174
ORD0093368,9.84,0.8711
ORD0093369,8.76,0.6806
ORD0093370,9.76,0.002
ORD0093371,9.08,0.002
ORD0093372,8.19,0.002
ORD0093373,8.3,0.002
ORD0093374,5.69,0.002
ORD0093375,5.83,0.002
ORD0093376,7.88,0.002
ORD0093377,7.59,0.002
ORD0093378,6.55,0.0045
ORD0093379,6.32,0.002
ORD0093380,8.88,0.0135
ORD0093381,7.81,0.002
ORD0093382,7.84,0.002
ORD0093383,10.88,0.002
ORD0093384,10.95,0.002
ORD0093385,20.83,0.002
ORD0093386,19.81,0.002
ORD0093387,7.67,0.002
ORD0093388,7.2,0.002
ORD0093389,9.75,0.002
ORD0093390,16.97,0.002
ORD0093391,14.09,0.002
ORD0093392,14.48,0.002
ORD0093393,14.09,0.0048
ORD0093394,14.36,0.002
ORD0093395,9.74,0.002
ORD0093396,7.93,0.002
ORD0093397,12.38,0.0758
ORD0093398,13.31,0.002
ORD0093399,11.78,0.002
ORD0093400,12.35,0.0205
ORD0093401,12.64,0.0372
ORD0093402,6.62,0.0035
ORD0093403,6.49,0.009
ORD0093404,9.27,0.0645
ORD0093405,7.54,0.1305
ORD0093406,17.9,0.2516
ORD0093407,13.78,0.3559
ORD0093408,9.95,0.007
ORD0093409,8.62,0.0173
ORD0093410,9.21,0.1469
ORD0093411,10.19,0.5618
ORD0093412,15.34,0.0692
ORD0093413,13.49,0.6863
ORD0093414,10.02,0.14
ORD0093415,9.51,0.8931
ORD0093416,13.83,0.002
ORD0093417,10.23,0.002
ORD0093418,9.45,0.002
ORD0093419,29.83,0.002
ORD0093420,13.84,0.0063
ORD0093421,11.34,0.002
ORD0093422,12.38,0.002
ORD0093423,10.7,0.002
ORD0093424,15.85,0.002
ORD0093425,15.15,0.002
ORD0093426,17.23,0.002
ORD0093427,14.05,0.0046
ORD0093428,19.92,0.002
ORD0093429,17.65,0.002
ORD0093430,24.29,0.002
ORD0093431,34.86,0.0837
ORD0093432,24.89,0.002
ORD0093433,12.04,0.002
ORD0093434,11.19,0.002
ORD0093435,26.65,0.002
ORD0093436,20.98,0.0135
ORD0093437,19.72,0.0588
ORD0093438,22.32,0.908
ORD0093439,17.46,0.5598
ORD0093440,21.29,0.002
ORD0093441,17.63,0.002
ORD0093442,22.98,0.1717
ORD0093443,24.7,0.9676
ORD0093444,17.31,0.002
ORD0093445,16.23,0.002
ORD0093446,14.02,0.002
ORD0093447,22.2,0.002
ORD0093448,13.09,0.002
ORD0093449,11.13,0.002
ORD0093450,14.69,0.0023
ORD0093451,24.86,0.002
ORD0093452,16.86,0.0143
ORD0093453,18.79,0.002
ORD0093454,37.32,0.002
ORD0093455,38.03,0.002
ORD0093456,13.49,0.1885
ORD0093457,11.56,0.002
ORD0093458,18.07,0.002
ORD0093459,92.98,0.002
ORD0093460,59.37,0.002
ORD0093461,24.85,0.002
ORD0093462,35.6,0.0024
ORD0093463,25.14,0.0057
ORD0093464,18.04,0.002
ORD0093465,15.35,0.003
ORD0093466,26.34,0.045
ORD0093467,26.91,0.1842
ORD0093468,20.89,0.002
ORD0093469,19.15,0.6563
ORD0093470,22.32,0.9825
ORD0093471,10.48,0.0022
ORD0093472,74.62,0.002
ORD0093473,18.19,0.9518
ORD0093474,22.54,0.8107
ORD0093475,18.82,0.9888
ORD0093476,18.65,0.9471
ORD0093477,42.07,0.0439
ORD0093478,28.11,0.0295
ORD0093479,20.8,0.9965
ORD0093480,20.24,0.9906
ORD0093481,27.9,0.5984
ORD0093482,31.15,0.1584
ORD0093483,18.75,0.9426
ORD0093484,17.07,0.7386
ORD0093485,26.07,0.0039
ORD0093486,15.27,0.0107
ORD0093487,18.88,0.0039
ORD0093488,14.54,0.0294
ORD0093489,12.25,0.0065
ORD0093490,17.89,0.0518
ORD0093491,17.83,0.005
ORD0093492,16.81,0.003
ORD0093493,14.1,0.0307
ORD0093494,10.0,0.0045
ORD0093495,14.45,0.3325
ORD0093496,11.83,0.0168
ORD0093497,11.45,0.1028
ORD0093498,9.4,0.1507
ORD0093499,16.24,0.552
ORD0093500,13.36,0.9188
ORD0093501,12.14,0.6569
ORD0093502,13.68,0.002
ORD0093503,13.44,0.002
ORD0093504,13.04,0.002
ORD0093505,11.14,0.002
ORD0093506,8.86,0.002
ORD0093507,12.17,0.002
ORD0093508,11.79,0.002
ORD0093509,10.07,0.002
ORD0093510,10.74,0.0122
ORD0093511,13.11,0.002
ORD0093512,13.41,0.1442
ORD0093513,11.86,0.002
ORD0093514,12.75,0.002
ORD0093515,17.23,0.002
ORD0093516,19.98,0.8558
ORD0093517,28.17,0.002
ORD0093518,28.46,0.7867
ORD0093519,10.38,0.002
ORD0093520,15.33,0.002
ORD0093521,17.4,0.9901
ORD0093522,37.98,0.002
ORD0093523,108.27,0.4196
ORD0093524,69.5,0.002
ORD0093525,24.03,0.002
ORD0093526,23.02,0.002
ORD0093527,19.41,0.002
ORD0093528,22.94,0.0166
ORD0093529,13.7,0.002
ORD0093530,12.42,0.002
ORD0093531,19.88,0.3249
ORD0093532,16.78,0.002
ORD0093533,15.75,0.002
ORD0093534,20.93,0.002
ORD0093535,20.51,0.0538
ORD0093536,18.21,0.0046
ORD0093537,10.91,0.002
ORD0093538,10.21,0.002
ORD0093539,15.21,0.1567
ORD0093540,11.64,0.0289
ORD0093541,23.76,0.6413
ORD0093542,22.31,0.1277
ORD0093543,16.11,0.0106
ORD0093544,13.16,0.0688
ORD0093545,18.59,0.9309
ORD0093546,13.79,0.206
ORD0093547,14.0,0.0396
ORD0093548,25.76,0.1567
ORD0093549,26.84,0.7248
ORD0093550,18.44,0.2736
ORD0093551,13.13,0.1351
ORD0093552,23.21,0.002
ORD0093553,16.8,0.002
ORD0093554,15.23,0.002
ORD0093555,17.06,0.002
ORD0093556,69.11,0.0315
ORD0093557,24.91,0.8515
ORD0093558,25.72,0.002
ORD0093559,42.5,0.002
ORD0093560,10.25,0.002
ORD0093561,10.88,0.0044
ORD0093562,10.49,0.002
ORD0093563,11.0,0.4762
ORD0093564,14.81,0.002
ORD0093565,15.3,0.1628
ORD0093566,12.38,0.0069
ORD0093567,12.9,0.002
ORD0093568,18.23,0.002
ORD0093569,13.18,0.002
ORD0093570,23.42,0.002
ORD0093571,21.32,0.053
ORD0093572,25.99,0.0133
ORD0093573,12.38,0.002
ORD0093574,10.11,0.002
ORD0093575,11.32,0.002
ORD0093576,10.26,0.0043
ORD0093577,23.49,0.002
ORD0093578,19.7,0.002
ORD0093579,20.33,0.4387
ORD0093580,22.48,0.6813
ORD0093581,14.48,0.3689
ORD0093582,16.07,0.002
ORD0093583,12.92,0.002
ORD0093584,26.6,0.9384
ORD0093585,27.34,0.9835
ORD0093586,75.59,0.002
ORD0093587,89.01,0.0503
ORD0093588,32.97,0.002
ORD0093589,69.67,0.002
ORD0093590,29.06,0.002
ORD0093591,54.77,0.002
ORD0093592,14.56,0.002
ORD0093593,13.31,0.002
ORD0093594,16.05,0.0033
ORD0093595,13.5,0.0059
ORD0093596,24.92,0.002
ORD0093597,21.02,0.002
ORD0093598,12.04,0.0318
ORD0093599,18.51,0.1146
ORD0093600,21.31,0.4483
ORD0093601,27.53,0.0286
ORD0093602,17.47,0.8768
ORD0093603,35.88,0.0053
ORD0093604,18.68,0.9938
ORD0093605,13.06,0.4393
ORD0093606,15.67,0.002
ORD0093607,16.14,0.002
ORD0093608,29.08,0.0509
ORD0093609,18.17,0.002
ORD0093610,13.59,0.002
ORD0093611,31.72,0.6133
ORD0093612,22.39,0.002
ORD0093613,19.42,0.0056
ORD0093614,19.13,0.002
ORD0093615,18.6,0.9904
ORD0093616,23.48,0.9968
ORD0093617,19.5,0.018
ORD0093618,10.21,0.0384
ORD0093619,9.29,0.002
ORD0093620,14.16,0.0092
ORD0093621,16.16,0.0103
ORD0093622,16.96,0.0345
ORD0093623,16.67,0.0348
ORD0093624,30.01,0.002
ORD0093625,28.19,0.002
ORD0093626,20.04,0.1536
ORD0093627,17.84,0.1261
ORD0093628,23.46,0.002
ORD0093629,20.56,0.002
ORD0093630,17.38,0.0079
ORD0093631,14.72,0.0112
ORD0093632,22.16,0.2432
ORD0093633,21.01,0.0726
ORD0093634,16.54,0.6419
ORD0093635,17.4,0.2211
ORD0093636,16.59,0.091
ORD0093637,15.93,0.041
ORD0093638,17.47,0.9151
ORD0093639,13.41,0.6703
ORD0093640,10.48,0.0218
ORD0093641,12.09,0.0231
ORD0093642,16.18,0.002
ORD0093643,17.04,0.0114
ORD0093644,15.9,0.0127
ORD0093645,18.05,0.0048
ORD0093646,11.45,0.2023
ORD0093647,17.34,0.8023
ORD0093648,11.33,0.0289
ORD0093649,9.45,0.008
ORD0093650,12.3,0.1224
ORD0093651,13.71,0.0138
ORD0093652,11.29,0.584
ORD0093653,12.07,0.002
ORD0093654,11.85,0.002
ORD0093655,11.98,0.002
ORD0093656,11.99,0.002
ORD0093657,10.61,0.002
ORD0093658,10.23,0.002
ORD0093659,8.06,0.002
ORD0093660,8.0,0.002
ORD0093661,10.91,0.002
ORD0093662,10.17,0.002
ORD0093663,9.33,0.002
ORD0093664,8.87,0.002
ORD0093665,11.09,0.002
ORD0093666,10.28,0.0043
ORD0093667,10.9,0.002
ORD0093668,18.47,0.002
ORD0093669,15.5,0.002
ORD0093670,30.58,0.002
ORD0093671,9.85,0.002
ORD0093672,14.5,0.002
ORD0093673,13.62,0.002
ORD0093674,24.61,0.002
ORD0093675,65.28,0.002
ORD0093676,39.98,0.002
ORD0093677,29.76,0.002
ORD0093678,66.32,0.002
ORD0093679,36.08,0.002
ORD0093680,48.76,0.002
ORD0093681,21.92,0.002
ORD0093682,19.15,0.002
ORD0093683,24.63,0.0035
ORD0093684,23.24,0.002
ORD0093685,26.59,0.1431
ORD0093686,17.59,0.002
ORD0093687,20.22,0.9063
ORD0093688,16.94,0.002
ORD0093689,17.04,0.002
ORD0093690,24.02,0.8391
ORD0093691,10.31,0.1254
ORD0093692,13.96,0.9788
ORD0093693,11.52,0.052
ORD0093694,28.81,0.9929
ORD0093695,19.56,0.2734
ORD0093696,19.05,0.5364
ORD0093697,14.29,0.0166
ORD0093698,12.55,0.1271
ORD0093699,14.74,0.9131
ORD0093700,15.52,0.3979
ORD0093701,12.33,0.0947
ORD0093702,21.52,0.4614
ORD0093703,18.43,0.719
ORD0093704,14.83,0.9784
ORD0093705,19.26,0.002
ORD0093706,15.75,0.002
ORD0093707,15.61,0.002
ORD0093708,46.19,0.003
ORD0093709,43.7,0.002
ORD0093710,27.84,0.0502
ORD0093711,30.09,0.002
ORD0093712,10.5,0.002
ORD0093713,10.15,0.002
ORD0093714,9.77,0.002
ORD0093715,10.0,0.002
ORD0093716,14.7,0.002
ORD0093717,15.51,0.002
ORD0093718,14.64,0.0029
ORD0093719,12.28,0.0644
ORD0093720,21.71,0.002
ORD0093721,19.74,0.002
ORD0093722,26.93,0.002
ORD0093723,31.35,0.002
ORD0093724,25.28,0.7244
ORD0093725,12.45,0.002
ORD0093726,10.39,0.002
ORD0093727,12.64,0.002
ORD0093728,12.15,0.0144
ORD0093729,29.58,0.002
ORD0093730,22.35,0.0578
ORD0093731,15.56,0.7854
ORD0093732,21.35,0.002
ORD0093733,18.52,0.002
ORD0093734,26.11,0.9836
ORD0093735,100.1,0.002
ORD0093736,54.38,0.002
ORD0093737,109.08,0.002
ORD0093738,17.17,0.002
ORD0093739,13.79,0.002
ORD0093740,11.84,0.002
ORD0093741,26.76,0.002
ORD0093742,11.95,0.0061
ORD0093743,10.49,0.002
ORD0093744,16.18,0.0423
ORD0093745,18.39,0.0056
ORD0093746,27.17,0.002
ORD0093747,23.1,0.079
ORD0093748,20.66,0.002
ORD0093749,47.91,0.002
ORD0093750,44.84,0.002
ORD0093751,13.91,0.452
ORD0093752,17.85,0.002
ORD0093753,16.16,0.002
ORD0093754,114.04,0.002
ORD0093755,58.33,0.002
ORD0093756,36.73,0.0055
ORD0093757,19.61,0.002
ORD0093758,22.47,0.1672
ORD0093759,20.53,0.002
ORD0093760,21.61,0.0041
ORD0093761,15.65,0.9205
ORD0093762,10.09,0.0521
ORD0093763,21.19,0.9445
ORD0093764,10.82,0.0044
ORD0093765,10.72,0.0415
ORD0093766,18.37,0.0295
ORD0093767,18.53,0.1933
ORD0093768,28.0,0.002
ORD0093769,20.62,0.6104
ORD0093770,18.55,0.0022
ORD0093771,21.68,0.0053
ORD0093772,25.32,0.002
ORD0093773,17.22,0.0271
ORD0093774,55.86,0.0062
ORD0093775,43.65,0.002
ORD0093776,24.02,0.0034
ORD0093777,17.94,0.0096
ORD0093778,17.7,0.002
ORD0093779,19.81,0.002
ORD0093780,14.8,0.0301
ORD0093781,12.51,0.002
ORD0093782,45.38,0.002
ORD0093783,13.48,0.002
ORD0093784,14.67,0.0139
ORD0093785,22.9,0.002
ORD0093786,16.93,0.0027
ORD0093787,14.71,0.002
ORD0093788,15.76,0.002
ORD0093789,10.35,0.0039
ORD0093790,15.16,0.0167
ORD0093791,26.87,0.002
ORD0093792,41.79,0.002
ORD0093793,28.69,0.002
ORD0093794,9.81,0.0081
ORD0093795,15.03,0.0284
ORD0093796,18.28,0.9478
ORD0093797,11.47,0.1661
ORD0093798,12.09,0.002
ORD0093799,11.31,0.002
ORD0093800,10.81,0.0031
ORD0093801,11.15,0.002
ORD0093802,10.83,0.002
ORD0093803,7.73,0.0365
ORD0093804,11.87,0.7862
ORD0093805,9.52,0.002
ORD0093806,9.62,0.002
ORD0093807,10.59,0.002
ORD0093808,9.36,0.0027
ORD0093809,12.1,0.5473
ORD0093810,10.26,0.002
ORD0093811,15.31,0.002
ORD0093812,16.18,0.002
ORD0093813,26.52,0.002
ORD0093814,27.32,0.002
ORD0093815,10.48,0.0147
ORD0093816,11.27,0.002
ORD0093817,18.81,0.3317
ORD0093818,20.7,0.002
ORD0093819,18.72,0.002
ORD0093820,20.55,0.002
ORD0093821,24.23,0.0218
ORD0093822,17.71,0.002
ORD0093823,16.17,0.002
ORD0093824,19.23,0.5239
ORD0093825,16.72,0.002
ORD0093826,19.06,0.002
ORD0093827,17.67,0.134
ORD0093828,14.95,0.002
ORD0093829,10.81,0.0192
ORD0093830,13.87,0.3355
ORD0093831,24.75,0.7959
ORD0093832,18.79,0.0051
ORD0093833,17.19,0.0464
ORD0093834,11.66,0.0326
ORD0093835,12.58,0.0541
ORD0093836,12.67,0.1113
ORD0093837,20.81,0.7295
ORD0093838,17.5,0.0734
ORD0093839,16.04,0.9453
ORD0093840,74.32,0.02
ORD0093841,19.06,0.002
ORD0093842,13.07,0.0035
ORD0093843,13.42,0.002
ORD0093844,14.48,0.0169
ORD0093845,58.4,0.0096
ORD0093846,46.77,0.4624
ORD0093847,22.26,0.4267
ORD0093848,26.73,0.975
ORD0093849,14.07,0.8781
ORD0093850,14.52,0.9969
ORD0093851,12.9,0.5053
ORD0093852,21.23,0.9932
ORD0093853,18.5,0.1894
ORD0093854,16.63,0.0041
ORD0093855,15.15,0.002
ORD0093856,20.45,0.002
ORD0093857,18.57,0.002
ORD0093858,29.36,0.002
ORD0093859,27.13,0.0064
ORD0093860,40.39,0.0033
ORD0093861,26.13,0.1779
ORD0093862,13.17,0.002
ORD0093863,13.0,0.002
ORD0093864,13.5,0.002
ORD0093865,31.3,0.002
ORD0093866,24.23,0.002
ORD0093867,25.53,0.2472
ORD0093868,20.1,0.0713
ORD0093869,17.17,0.002
ORD0093870,24.69,0.002
ORD0093871,17.8,0.002
ORD0093872,25.74,0.7177
ORD0093873,31.97,0.9474
ORD0093874,20.2,0.002
ORD0093875,16.41,0.002
ORD0093876,13.97,0.002
ORD0093877,26.34,0.002
ORD0093878,24.8,0.002
ORD0093879,13.06,0.0136
ORD0093880,13.06,0.002
ORD0093881,20.8,0.002
ORD0093882,18.79,0.002
ORD0093883,31.39,0.0086
ORD0093884,27.52,0.3126
ORD0093885,20.71,0.0301
ORD0093886,41.29,0.002
ORD0093887,34.75,0.002
ORD0093888,14.03,0.1772
ORD0093889,16.58,0.7153
ORD0093890,15.84,0.002
ORD0093891,20.03,0.002
ORD0093892,105.47,0.002
ORD0093893,30.06,0.0319
ORD0093894,31.25,0.002
ORD0093895,17.68,0.002
ORD0093896,17.72,0.002
ORD0093897,30.73,0.6281
ORD0093898,22.26,0.0033
ORD0093899,16.59,0.9812
ORD0093900,13.19,0.0306
ORD0093901,27.98,0.9977
ORD0093902,23.36,0.2708
ORD0093903,12.05,0.0281
ORD0093904,10.39,0.002
ORD0093905,21.8,0.5853
ORD0093906,24.98,0.9227
ORD0093907,38.21,0.0028
ORD0093908,32.44,0.002
ORD0093909,26.35,0.989
ORD0093910,32.3,0.045
ORD0093911,21.9,0.4418
ORD0093912,20.21,0.002
ORD0093913,29.82,0.0901
ORD0093914,28.41,0.0093
ORD0093915,22.18,0.4002
ORD0093916,17.51,0.0245
ORD0093917,21.41,0.0392
ORD0093918,16.44,0.0045
ORD0093919,22.4,0.8584
ORD0093920,13.12,0.002
ORD0093921,13.99,0.0109
ORD0093922,27.23,0.002
ORD0093923,23.21,0.0031
ORD0093924,19.27,0.002
ORD0093925,13.48,0.002
ORD0093926,13.74,0.1102
ORD0093927,15.02,0.0065
ORD0093928,17.5,0.6676
ORD0093929,40.14,0.002
ORD0093930,13.77,0.147
ORD0093931,21.72,0.6141
ORD0093932,18.3,0.0235
ORD0093933,15.54,0.9505
ORD0093934,12.73,0.1986
ORD0093935,14.91,0.002
ORD0093936,14.8,0.016
ORD0093937,13.82,0.002
ORD0093938,13.75,0.002
ORD0093939,12.69,0.002
ORD0093940,14.03,0.295
ORD0093941,9.93,0.002
ORD0093942,9.96,0.002
ORD0093943,12.95,0.0054
ORD0093944,11.97,0.1195
ORD0093945,13.18,0.9059
ORD0093946,14.91,0.6068
ORD0093947,12.75,0.002
ORD0093948,13.6,0.0024
ORD0093949,20.39,0.2863
ORD0093950,31.25,0.0137
ORD0093951,12.98,0.9519
ORD0093952,14.3,0.0036
ORD0093953,20.66,0.9952
ORD0093954,17.71,0.0418
ORD0093955,26.75,0.002
ORD0093956,25.25,0.0022
ORD0093957,24.15,0.0043
ORD0093958,30.15,0.0474
ORD0093959,28.47,0.053
ORD0093960,36.41,0.8319
ORD0093961,17.66,0.002
ORD0093962,12.6,0.002
ORD0093963,23.23,0.7029
ORD0093964,26.67,0.9927
ORD0093965,25.38,0.002
ORD0093966,22.99,0.002
ORD0093967,38.76,0.002
ORD0093968,23.89,0.3615
ORD0093969,22.15,0.4145
ORD0093970,12.48,0.018
ORD0093971,11.04,0.028
ORD0093972,18.32,0.7663
ORD0093973,17.02,0.8448
ORD0093974,36.29,0.9733
ORD0093975,19.99,0.0422
ORD0093976,16.23,0.1382
ORD0093977,39.05,0.0035
ORD0093978,15.55,0.0532
ORD0093979,17.05,0.9434
ORD0093980,16.48,0.2515
ORD0093981,30.27,0.093
ORD0093982,28.11,0.7524
ORD0093983,18.48,0.315
ORD0093984,21.89,0.002
ORD0093985,18.7,0.002
ORD0093986,17.28,0.002
ORD0093987,54.1,0.0104
ORD0093988,37.47,0.002
ORD0093989,28.1,0.466
ORD0093990,9.59,0.002
ORD0093991,9.36,0.002
ORD0093992,14.24,0.002
ORD0093993,12.41,0.002
ORD0093994,14.77,0.002
ORD0093995,25.15,0.0959
ORD0093996,19.2,0.002
ORD0093997,29.75,0.8753
ORD0093998,21.45,0.002
ORD0093999,13.17,0.002
ORD0094000,8.75,0.002
ORD0094001,9.91,0.002
ORD0094002,29.2,0.002
ORD0094003,20.57,0.002
ORD0094004,18.01,0.0056
ORD0094005,17.22,0.0194
ORD0094006,16.89,0.9966
ORD0094007,14.0,0.3596
ORD0094008,23.74,0.0461
ORD0094009,23.51,0.0682
ORD0094010,23.89,0.8682
ORD0094011,14.92,0.002
ORD0094012,12.47,0.002
ORD0094013,11.65,0.002
ORD0094014,21.63,0.002
ORD0094015,20.11,0.002
ORD0094016,10.79,0.002
ORD0094017,13.2,0.0166
ORD0094018,13.69,0.0092
ORD0094019,20.45,0.0161
ORD0094020,20.52,0.2167
ORD0094021,17.49,0.2881
ORD0094022,22.2,0.9066
ORD0094023,28.96,0.002
ORD0094024,14.15,0.9018
ORD0094025,12.68,0.9904
ORD0094026,13.17,0.002
ORD0094027,27.3,0.9947
ORD0094028,22.97,0.991
ORD0094029,19.0,0.2935
ORD0094030,24.08,0.998
ORD0094031,25.43,0.998
ORD0094032,20.72,0.9595
ORD0094033,22.1,0.9541
ORD0094034,13.84,0.998
ORD0094035,12.59,0.998
ORD0094036,21.55,0.998
ORD0094037,23.05,0.998
ORD0094038,13.43,0.9923
ORD0094039,34.39,0.0047
ORD0094040,36.32,0.0055
ORD0094041,14.42,0.0527
ORD0094042,19.74,0.1335
ORD0094043,14.81,0.2593
ORD0094044,16.28,0.6116
ORD0094045,27.37,0.002
ORD0094046,18.42,0.6395
ORD0094047,18.13,0.8809
ORD0094048,27.52,0.0063
ORD0094049,18.86,0.1129
ORD0094050,13.94,0.0541
ORD0094051,21.16,0.006
ORD0094052,21.72,0.0067
ORD0094053,13.19,0.012
ORD0094054,13.99,0.0044
ORD0094055,12.71,0.0034
ORD0094056,13.59,0.0313
ORD0094057,11.73,0.0119
ORD0094058,10.38,0.0239
ORD0094059,17.88,0.002
ORD0094060,15.3,0.0095
ORD0094061,12.57,0.0952
ORD0094062,10.88,0.08
ORD0094063,16.14,0.6183
ORD0094064,10.46,0.6091
ORD0094065,8.24,0.7451
ORD0094066,10.12,0.7977
ORD0094067,13.28,0.9652
ORD0094068,16.42,0.9648
ORD0094069,11.98,0.9897
ORD0094070,11.08,0.9888
ORD0094071,12.49,0.002
ORD0094072,11.49,0.002
ORD0094073,12.07,0.002
ORD0094074,11.44,0.0021
ORD0094075,11.5,0.002
ORD0094076,7.66,0.002
ORD0094077,7.8,0.002
ORD0094078,11.66,0.0725
ORD0094079,10.05,0.6138
ORD0094080,13.1,0.9612
ORD0094081,10.49,0.002
ORD0094082,10.64,0.002
ORD0094083,16.15,0.002
ORD0094084,27.68,0.002
ORD0094085,28.23,0.0144
ORD0094086,10.01,0.002
ORD0094087,11.78,0.2987
ORD0094088,15.5,0.0024
ORD0094089,14.61,0.9598
ORD0094090,20.35,0.002
ORD0094091,21.93,0.002
ORD0094092,20.47,0.002
ORD0094093,19.23,0.0193
ORD0094094,19.48,0.0024
ORD0094095,13.93,0.002
ORD0094096,11.97,0.002
ORD0094097,20.36,0.5214
ORD0094098,14.63,0.002
ORD0094099,16.67,0.002
ORD0094100,98.18,0.002
ORD0094101,22.27,0.3359
ORD0094102,9.93,0.0438
ORD0094103,10.15,0.3632
ORD0094104,15.98,0.7946
ORD0094105,26.64,0.9842
ORD0094106,19.91,0.1451
ORD0094107,17.37,0.821
ORD0094108,16.07,0.4413
ORD0094109,12.05,0.0801
ORD0094110,16.87,0.7999
ORD0094111,13.92,0.8897
ORD0094112,25.01,0.7066
ORD0094113,20.19,0.9247
ORD0094114,13.43,0.2547
ORD0094115,90.17,0.2713
ORD0094116,21.02,0.6151
ORD0094117,16.48,0.0079
ORD0094118,18.53,0.9754
ORD0094119,51.55,0.998
ORD0094120,46.92,0.1463
ORD0094121,27.01,0.998
ORD0094122,27.96,0.9323
ORD0094123,9.13,0.002
ORD0094124,9.01,0.002
ORD0094125,9.35,0.002
ORD0094126,8.45,0.002
ORD0094127,12.76,0.002
ORD0094128,12.17,0.002
ORD0094129,14.96,0.0106
ORD0094130,17.19,0.0681
ORD0094132,39.11,0.8243
ORD0094133,9.1,0.002
ORD0094134,8.66,0.002
ORD0094135,8.65,0.002
ORD0094137,18.17,0.002
ORD0094139,23.27,0.9973
ORD0094141,12.37,0.002
ORD0094143,15.4,0.002
ORD0094144,16.67,0.0031
ORD0094145,63.6,0.002
ORD0094146,55.57,0.002
ORD0094147,42.74,0.002
ORD0094148,15.45,0.0217
ORD0094149,13.06,0.0174
ORD0094150,12.4,0.0862
ORD0094151,12.05,0.7491
ORD0094152,18.86,0.002
ORD0094153,18.7,0.0031
ORD0094154,12.24,0.2266
ORD0094155,11.63,0.9902
ORD0094156,13.76,0.7483
ORD0094157,18.65,0.9949
ORD0094158,22.62,0.8174
ORD0094159,27.18,0.998
ORD0094160,16.71,0.9925
ORD0094161,20.02,0.998
ORD0094162,21.11,0.0022
ORD0094163,27.81,0.9701
ORD0094164,13.24,0.9971
ORD0094165,13.52,0.002
ORD0094166,14.78,0.0654
ORD0094167,25.15,0.0112
ORD0094168,20.92,0.002
ORD0094169,14.75,0.002
ORD0094170,11.93,0.002
ORD0094171,26.34,0.1553
ORD0094172,17.47,0.0153
ORD0094173,15.75,0.002
ORD0094174,17.31,0.002
ORD0094175,14.73,0.8629
ORD0094176,9.81,0.2693
ORD0094177,18.63,0.9925
ORD0094178,17.85,0.9069
ORD0094179,8.1,0.0098
ORD0094180,8.12,0.002
ORD0094181,52.16,0.002
ORD0094182,12.34,0.9319
ORD0094183,16.32,0.3929
ORD0094184,17.51,0.9793
ORD0094185,14.92,0.8167
ORD0094186,28.73,0.0715
ORD0094187,23.75,0.0598
ORD0094188,17.97,0.9935
ORD0094189,20.71,0.5858
ORD0094190,18.05,0.923
ORD0094191,16.8,0.3668
ORD0094192,18.87,0.0087
ORD0094193,20.47,0.1444
ORD0094194,13.21,0.0149
ORD0094195,13.58,0.3095
ORD0094196,14.53,0.0062
ORD0094197,11.81,0.1076
ORD0094198,11.26,0.0361
ORD0094199,13.17,0.6707
ORD0094200,10.33,0.0364
ORD0094201,9.15,0.0516
ORD0094202,15.59,0.0099
ORD0094203,16.27,0.0141
ORD0094204,13.53,0.0032
ORD0094205,11.04,0.0067
ORD0094206,8.28,0.002
ORD0094207,9.01,0.195
ORD0094208,11.16,0.2063
ORD0094209,11.75,0.4359
ORD0094210,7.68,0.5761
ORD0094211,7.65,0.486
ORD0094212,13.99,0.9059
ORD0094213,10.97,0.984
ORD0094214,10.99,0.8578
ORD0094215,11.18,0.0438
ORD0094216,10.13,0.002
ORD0094217,10.99,0.4369
ORD0094218,9.74,0.002
ORD0094219,6.89,0.002
ORD0094220,6.52,0.002
ORD0094221,10.51,0.8876
ORD0094222,9.78,0.0044
ORD0094223,9.22,0.9679
ORD0094224,7.94,0.0351
ORD0094225,11.59,0.9917
ORD0094226,9.49,0.0087
ORD0094227,9.07,0.002
ORD0094228,13.33,0.0024
ORD0094229,14.37,0.0044
ORD0094230,25.1,0.002
ORD0094231,26.81,0.002
ORD0094232,8.53,0.0268
ORD0094233,12.45,0.1035
ORD0094234,14.48,0.36
ORD0094235,18.43,0.002
ORD0094236,14.65,0.002
ORD0094237,15.65,0.002
ORD0094238,19.83,0.002
ORD0094239,16.7,0.002
ORD0094240,14.72,0.002
ORD0094241,9.29,0.002
ORD0094242,14.08,0.0487
ORD0094243,16.79,0.0025
ORD0094244,12.98,0.002
ORD0094245,16.46,0.0942
ORD0094246,14.98,0.0899
ORD0094247,8.09,0.0133
ORD0094248,8.14,0.0214
ORD0094249,9.97,0.2573
ORD0094250,8.75,0.3468
ORD0094251,22.21,0.7988
ORD0094252,23.3,0.7853
ORD0094253,13.05,0.031
ORD0094254,11.24,0.0338
ORD0094255,10.52,0.0407
ORD0094256,11.41,0.1103
ORD0094257,21.75,0.6692
ORD0094258,13.78,0.3213
ORD0094259,16.13,0.93
ORD0094260,10.91,0.4521
ORD0094261,15.13,0.002
ORD0094262,12.25,0.002
ORD0094263,11.32,0.002
ORD0094264,45.71,0.0148
ORD0094265,16.46,0.2914
ORD0094266,11.42,0.952
ORD0094267,11.04,0.6873
ORD0094268,11.11,0.998
ORD0094269,17.5,0.9979
ORD0094270,17.11,0.9918
ORD0094271,13.53,0.0049
ORD0094272,12.84,0.002
ORD0094273,17.39,0.0302
ORD0094275,21.15,0.1765
ORD0094276,29.52,0.9094
ORD0094278,12.14,0.002
ORD0094279,11.85,0.606
ORD0094280,23.23,0.002
ORD0094281,20.74,0.9941
ORD0094282,15.17,0.0142
ORD0094283,15.65,0.9714
ORD0094284,10.84,0.07
ORD0094285,14.75,0.0025
ORD0094286,15.16,0.002
ORD0094287,22.97,0.9965
ORD0094289,14.84,0.9834
ORD0094290,13.12,0.1901
ORD0094291,14.49,0.998
ORD0094292,18.77,0.002
ORD0094293,11.78,0.0572
ORD0094294,10.84,0.9543
ORD0094295,20.5,0.6529
ORD0094296,20.37,0.9402
ORD0094297,20.84,0.9945
ORD0094298,21.27,0.9964
ORD0094299,24.99,0.0045
ORD0094300,30.35,0.3276
ORD0094301,15.08,0.9979
ORD0094302,12.99,0.998
ORD0094303,13.87,0.9426
ORD0094304,100.49,0.1694
ORD0094305,52.33,0.1694
ORD0094306,27.4,0.002
ORD0094307,22.43,0.0031
ORD0094308,20.52,0.002
ORD0094309,14.43,0.002
ORD0094310,13.11,0.002
ORD0094311,19.99,0.0195
ORD0094312,18.32,0.0124
ORD0094313,17.11,0.002
ORD0094314,10.56,0.5579
ORD0094315,18.23,0.9643
ORD0094316,9.71,0.0027
ORD0094317,76.22,0.002
ORD0094318,14.3,0.0624
ORD0094319,12.46,0.019
ORD0094320,16.97,0.26
ORD0094321,14.04,0.0559
ORD0094322,25.7,0.0042
ORD0094323,25.0,0.0022
ORD0094324,17.29,0.6433
ORD0094325,16.22,0.157
ORD0094326,26.12,0.0139
ORD0094327,19.2,0.0075
ORD0094328,13.44,0.0564
ORD0094329,14.39,0.0221
ORD0094330,24.12,0.01
ORD0094331,11.27,0.0246
ORD0094332,18.3,0.0042
ORD0094333,12.94,0.0633
ORD0094334,9.6,0.0174
ORD0094335,17.53,0.004
ORD0094336,12.44,0.002
ORD0094337,14.13,0.0093
ORD0094338,10.71,0.0782
ORD0094339,9.39,0.014
ORD0094340,9.92,0.0126
ORD0094341,9.14,0.0553
ORD0094342,10.91,0.3423
ORD0094343,10.07,0.8845
ORD0094344,13.47,0.7896
ORD0094345,12.2,0.9698
ORD0094346,12.67,0.9836
ORD0094347,11.98,0.002
ORD0094348,11.37,0.002
ORD0094349,12.06,0.002
ORD0094350,10.75,0.002
ORD0094351,7.16,0.002
ORD0094352,10.76,0.002
ORD0094353,10.49,0.002
ORD0094354,8.88,0.0027
ORD0094355,8.42,0.002
ORD0094356,11.88,0.0253
ORD0094357,10.32,0.002
ORD0094358,10.47,0.002
ORD0094359,10.95,0.002
ORD0094360,15.76,0.002
ORD0094361,13.96,0.002
ORD0094362,24.33,0.002
ORD0094363,22.17,0.002
ORD0094364,9.65,0.002
ORD0094365,15.48,0.002
ORD0094366,14.36,0.002
ORD0094367,100.24,0.2638
ORD0094368,54.79,0.002
ORD0094369,22.06,0.002
ORD0094370,18.16,0.0229
ORD0094371,19.78,0.002
ORD0094372,25.83,0.6353
ORD0094373,15.3,0.002
ORD0094374,10.66,0.002
ORD0094375,18.71,0.987
ORD0094376,18.17,0.003
ORD0094377,13.66,0.002
ORD0094378,16.2,0.002
ORD0094379,19.89,0.2102
ORD0094380,14.85,0.0126
ORD0094381,9.75,0.0435
ORD0094382,8.05,0.0085
ORD0094383,13.26,0.5676
ORD0094384,9.97,0.0754
ORD0094385,25.01,0.9225
ORD0094386,19.97,0.2098
ORD0094387,13.55,0.0901
ORD0094388,12.16,0.0844
ORD0094389,12.7,0.107
ORD0094390,13.56,0.2045
ORD0094391,12.1,0.2185
ORD0094392,25.65,0.0544
ORD0094393,16.57,0.1315
ORD0094394,14.45,0.115
ORD0094395,11.4,0.3221
ORD0094396,18.39,0.002
ORD0094397,13.71,0.0868
ORD0094398,14.95,0.0135
ORD0094399,15.14,0.5614
ORD0094400,52.87,0.5085
ORD0094401,23.68,0.9804
ORD0094402,25.39,0.9398
ORD0094403,33.18,0.002
ORD0094404,11.29,0.002
ORD0094405,12.55,0.1355
ORD0094406,10.81,0.002
ORD0094407,12.94,0.9812
ORD0094408,16.4,0.002
ORD0094409,18.95,0.9707
ORD0094410,14.56,0.002
ORD0094411,14.06,0.002
ORD0094412,16.28,0.0929
ORD0094413,21.76,0.0915
ORD0094414,22.74,0.3133
ORD0094415,20.3,0.5379
ORD0094416,37.41,0.9707
ORD0094417,13.07,0.002
ORD0094418,10.22,0.002
ORD0094419,11.64,0.002
ORD0094421,22.64,0.002
ORD0094423,27.26,0.9977
ORD0094425,14.16,0.002
ORD0094426,22.49,0.0055
ORD0094427,14.44,0.002
ORD0094428,19.28,0.002
ORD0094430,80.99,0.002
ORD0094431,67.59,0.002
ORD0094432,53.2,0.002
ORD0094433,103.86,0.002
ORD0094434,33.81,0.002
ORD0094435,60.9,0.002
ORD0094436,15.89,0.002
ORD0094437,14.25,0.002
ORD0094438,14.66,0.002
ORD0094439,14.62,0.002
ORD0094440,21.65,0.002
ORD0094441,20.54,0.002
ORD0094442,10.01,0.0026
ORD0094443,16.65,0.0886
ORD0094444,29.25,0.7601
ORD0094445,25.16,0.0082
ORD0094446,22.1,0.9939
ORD0094447,39.59,0.004
ORD0094448,14.96,0.998
ORD0094449,17.9,0.264
ORD0094450,14.83,0.002
ORD0094451,13.92,0.002
ORD0094452,32.43,0.2805
ORD0094453,17.37,0.002
ORD0094454,16.08,0.0025
ORD0094455,32.9,0.951
ORD0094456,25.74,0.5925
ORD0094457,22.39,0.0156
ORD0094458,22.19,0.018
ORD0094459,17.88,0.995
ORD0094460,24.4,0.998
ORD0094461,23.99,0.9807
ORD0094462,12.0,0.1751
ORD0094463,12.89,0.2928
ORD0094464,17.72,0.7462
ORD0094465,20.47,0.8073
ORD0094466,19.66,0.9155
ORD0094467,19.6,0.961
ORD0094468,32.08,0.0303
ORD0094469,28.22,0.0419
ORD0094470,21.38,0.9818
ORD0094471,21.32,0.9936
ORD0094472,23.13,0.3077
ORD0094473,21.7,0.2994
ORD0094474,23.89,0.6812
ORD0094475,17.69,0.8048
ORD0094476,24.76,0.0445
ORD0094477,22.44,0.0067
ORD0094478,15.64,0.105
ORD0094479,16.46,0.0152
ORD0094480,19.15,0.0192
ORD0094481,14.62,0.0029
ORD0094482,16.5,0.3487
ORD0094483,13.3,0.032
ORD0094484,11.22,0.002
ORD0094485,16.64,0.9355
ORD0094486,20.58,0.002
ORD0094487,22.85,0.598
ORD0094488,18.07,0.2257
ORD0094489,16.7,0.1948
ORD0094490,10.63,0.0036
ORD0094491,15.13,0.0277
ORD0094492,8.62,0.0134
ORD0094493,8.59,0.048
ORD0094494,15.88,0.0995
ORD0094495,17.0,0.2162
ORD0094496,13.0,0.4409
ORD0094497,13.5,0.002
ORD0094498,12.69,0.002
ORD0094499,13.9,0.6379
ORD0094500,12.36,0.002
ORD0094501,11.72,0.002
ORD0094502,11.07,0.002
ORD0094503,8.86,0.002
ORD0094504,8.71,0.002
ORD0094505,10.92,0.002
ORD0094506,11.63,0.008
ORD0094507,9.69,0.002
ORD0094508,10.98,0.234
ORD0094509,12.46,0.0241
ORD0094510,13.5,0.719
ORD0094511,11.54,0.002
ORD0094512,17.1,0.002
ORD0094513,20.21,0.002
ORD0094514,24.46,0.002
ORD0094515,12.1,0.0024
ORD0094516,16.54,0.0536
ORD0094517,14.49,0.002
ORD0094518,25.89,0.002
ORD0094519,89.61,0.002
ORD0094520,62.53,0.002
ORD0094521,54.17,0.002
ORD0094522,69.56,0.002
ORD0094523,92.73,0.0089
ORD0094524,25.38,0.002
ORD0094525,21.55,0.002
ORD0094526,20.44,0.0038
ORD0094527,23.58,0.002
ORD0094528,20.91,0.052
ORD0094529,14.7,0.002
ORD0094530,22.94,0.8135
ORD0094531,19.62,0.0115
ORD0094532,16.95,0.002
ORD0094533,21.99,0.2631
ORD0094534,11.53,0.0506
ORD0094535,18.15,0.7012
ORD0094536,12.1,0.3623
ORD0094537,28.15,0.9662
ORD0094538,22.23,0.8745
ORD0094539,18.0,0.1144
ORD0094540,15.53,0.1252
ORD0094541,18.31,0.9849
ORD0094542,14.71,0.9898
ORD0094543,16.07,0.9971
ORD0094544,15.53,0.7777
ORD0094545,28.72,0.8768
ORD0094546,17.95,0.9499
ORD0094547,14.74,0.9025
ORD0094548,21.91,0.0154
ORD0094549,21.84,0.181
ORD0094550,19.46,0.0038
ORD0094551,50.88,0.8985
ORD0094552,47.28,0.0306
ORD0094553,23.73,0.9937
ORD0094554,31.16,0.5701
ORD0094555,11.32,0.0029
ORD0094556,11.3,0.002
ORD0094557,12.19,0.3718
ORD0094558,11.2,0.002
ORD0094559,17.07,0.116
ORD0094560,15.98,0.002
ORD0094561,16.32,0.002
ORD0094562,14.46,0.002
ORD0094563,17.83,0.0049
ORD0094564,19.63,0.004
ORD0094565,24.14,0.0398
ORD0094566,41.91,0.9112
ORD0094567,27.72,0.5859
ORD0094568,12.15,0.002
ORD0094569,7.91,0.0198
ORD0094570,10.94,0.002
ORD0094571,11.48,0.0027
ORD0094572,28.8,0.002
ORD0094573,30.21,0.9979
ORD0094574,14.7,0.0053
ORD0094575,27.15,0.002
ORD0094576,17.59,0.002
ORD0094577,24.88,0.1577
ORD0094578,16.84,0.0197
ORD0094579,17.37,0.3007
ORD0094580,14.09,0.002
ORD0094581,22.32,0.002
ORD0094582,11.78,0.002
ORD0094583,9.99,0.0064
ORD0094584,23.97,0.8858
ORD0094585,16.93,0.0381
ORD0094586,25.34,0.002
ORD0094587,29.74,0.4855
ORD0094588,21.84,0.002
ORD0094589,35.4,0.002
ORD0094590,32.78,0.002
ORD0094591,14.2,0.017
ORD0094592,16.75,0.0136
ORD0094593,20.78,0.002
ORD0094594,113.14,0.002
ORD0094595,32.48,0.0168
ORD0094596,17.54,0.002
ORD0094597,25.23,0.3552
ORD0094598,21.8,0.002
ORD0094599,20.5,0.037
ORD0094600,17.51,0.9424
ORD0094601,13.76,0.6289
ORD0094602,24.32,0.9966
ORD0094603,11.34,0.0105
ORD0094604,12.2,0.4758
ORD0094605,18.6,0.047
ORD0094606,19.43,0.2886
ORD0094607,33.44,0.002
ORD0094608,20.82,0.7858
ORD0094609,18.94,0.002
ORD0094610,31.01,0.006
ORD0094611,23.24,0.002
ORD0094612,19.31,0.0417
ORD0094613,86.48,0.0298
ORD0094614,59.11,0.002
ORD0094615,28.24,0.0135
ORD0094616,15.47,0.0271
ORD0094617,18.32,0.002
ORD0094618,20.57,0.0082
ORD0094619,15.13,0.0878
ORD0094620,12.35,0.0021
ORD0094621,64.48,0.002
ORD0094622,11.19,0.0052
ORD0094623,16.39,0.0538
ORD0094624,21.24,0.002
ORD0094625,20.42,0.0092
ORD0094626,14.53,0.0035
ORD0094627,14.95,0.0022
ORD0094628,11.99,0.0271
ORD0094629,18.29,0.2287
ORD0094630,38.4,0.0045
ORD0094631,61.81,0.002
ORD0094632,8.27,0.0188
ORD0094633,14.56,0.0924
ORD0094634,16.09,0.0604
ORD0094635,13.1,0.4796
ORD0094636,14.52,0.002
ORD0094637,12.5,0.002
ORD0094638,11.78,0.002
ORD0094639,11.67,0.002
ORD0094640,10.13,0.0022
ORD0094641,7.93,0.002
ORD0094642,11.05,0.0369
ORD0094643,11.46,0.002
ORD0094644,10.13,0.3955
ORD0094645,13.29,0.9265
ORD0094646,10.75,0.0097
ORD0094647,12.62,0.9782
ORD0094648,11.07,0.002
ORD0094649,18.55,0.0748
ORD0094650,16.61,0.002
ORD0094651,25.2,0.0042
ORD0094652,26.8,0.002
ORD0094653,12.14,0.9241
ORD0094654,15.33,0.002
ORD0094655,21.8,0.9971
ORD0094656,23.03,0.002
ORD0094657,21.1,0.2037
ORD0094658,18.45,0.002
ORD0094659,17.8,0.0279
ORD0094660,24.79,0.9324
ORD0094661,14.33,0.002
ORD0094662,21.34,0.6428
ORD0094663,19.27,0.002
ORD0094664,16.2,0.017
ORD0094665,20.39,0.1682
ORD0094666,19.56,0.4499
ORD0094667,10.48,0.024
ORD0094668,15.65,0.5856
ORD0094669,24.2,0.9435
ORD0094670,20.82,0.8837
ORD0094671,16.8,0.0682
ORD0094672,16.6,0.0689
ORD0094673,13.5,0.1875
ORD0094674,12.45,0.3647
ORD0094675,30.04,0.9208
ORD0094676,21.73,0.1667
ORD0094677,19.18,0.9879
ORD0094678,136.74,0.1688
ORD0094679,19.42,0.002
ORD0094680,13.54,0.002
ORD0094681,16.1,0.0037
ORD0094682,19.06,0.002
ORD0094683,57.86,0.1375
ORD0094684,37.97,0.002
ORD0094685,29.81,0.968
ORD0094686,29.3,0.0291
ORD0094687,12.39,0.9815
ORD0094688,12.19,0.998
ORD0094689,12.33,0.9969
ORD0094690,18.79,0.998
ORD0094691,17.09,0.9871
ORD0094692,14.44,0.002
ORD0094693,12.36,0.0303
ORD0094694,18.05,0.8558
ORD0094695,14.25,0.002
ORD0094696,25.83,0.9798
ORD0094697,22.97,0.029
ORD0094698,28.72,0.9974
ORD0094699,33.3,0.9739
ORD0094700,10.44,0.002
ORD0094701,9.81,0.002
ORD0094702,9.99,0.002
ORD0094703,20.38,0.0027
ORD0094704,19.03,0.002
ORD0094705,25.91,0.998
ORD0094706,20.14,0.998
ORD0094707,16.0,0.9932
ORD0094708,16.54,0.1682
ORD0094709,13.02,0.002
ORD0094710,20.76,0.002
ORD0094711,27.51,0.998
ORD0094712,18.45,0.0066
ORD0094713,14.6,0.1513
ORD0094714,12.13,0.0023
ORD0094715,29.48,0.002
ORD0094716,21.57,0.002
ORD0094717,12.68,0.7463
ORD0094718,10.11,0.02
ORD0094719,18.08,0.8268
ORD0094720,15.64,0.2558
ORD0094721,32.53,0.9888
ORD0094722,21.34,0.9975
ORD0094723,23.94,0.4368
ORD0094724,31.36,0.0587
ORD0094725,38.29,0.0144
ORD0094726,13.0,0.9866
ORD0094727,13.7,0.9556
ORD0094728,13.88,0.0027
ORD0094729,16.06,0.0035
ORD0094730,25.15,0.0177
ORD0094731,22.5,0.0049
ORD0094732,15.93,0.002
ORD0094733,14.85,0.002
ORD0094734,29.72,0.3782
ORD0094735,19.7,0.0024
ORD0094736,15.79,0.9737
ORD0094737,11.73,0.072
ORD0094738,24.63,0.998
ORD0094739,21.08,0.557
ORD0094740,10.0,0.0109
ORD0094741,9.52,0.0027
ORD0094742,14.6,0.0501
ORD0094743,20.22,0.3249
ORD0094744,30.87,0.002
ORD0094745,23.89,0.0023
ORD0094746,19.31,0.7855
ORD0094747,19.7,0.0094
ORD0094748,18.48,0.0443
ORD0094749,14.9,0.0055
ORD0094750,24.25,0.002
ORD0094751,25.48,0.0074
ORD0094752,30.24,0.0066
ORD0094753,17.07,0.0258
ORD0094754,15.35,0.0132
ORD0094755,16.77,0.002
ORD0094756,14.84,0.0036
ORD0094757,13.93,0.1119
ORD0094758,16.82,0.9925
ORD0094759,13.32,0.9593
ORD0094760,22.43,0.9824
ORD0094761,25.13,0.8295
ORD0094762,15.85,0.9078
ORD0094763,14.18,0.998
ORD0094764,11.92,0.9897
ORD0094765,16.37,0.998
ORD0094766,13.83,0.9973
ORD0094767,8.56,0.0462
ORD0094768,13.63,0.2186
ORD0094769,16.39,0.3002
ORD0094770,11.95,0.6011
ORD0094771,12.56,0.8407
ORD0094772,12.74,0.002
ORD0094773,13.75,0.9006
ORD0094774,14.63,0.9936
ORD0094775,12.76,0.002
ORD0094776,12.07,0.002
ORD0094777,13.33,0.9935
ORD0094778,8.53,0.002
ORD0094779,8.47,0.0217
ORD0094780,11.37,0.002
ORD0094781,10.15,0.0038
ORD0094782,13.16,0.9973
ORD0094783,11.88,0.0347
ORD0094784,13.51,0.9971
ORD0094785,12.51,0.2683
ORD0094786,16.42,0.0493
ORD0094787,30.93,0.0047
ORD0094788,11.77,0.5864
ORD0094789,12.54,0.0101
ORD0094790,17.03,0.9898
ORD0094791,14.05,0.2507
ORD0094792,22.55,0.0127
ORD0094793,20.57,0.002
ORD0094794,22.18,0.2913
ORD0094795,23.58,0.0199
ORD0094796,26.32,0.9579
ORD0094797,20.8,0.2667
ORD0094798,13.66,0.002
ORD0094799,12.58,0.002
ORD0094800,24.54,0.9973
ORD0094801,20.54,0.9596
ORD0094802,18.55,0.0023
ORD0094803,16.68,0.002
ORD0094804,25.28,0.4369
ORD0094805,17.5,0.38
ORD0094806,9.89,0.0255
ORD0094807,9.06,0.0361
ORD0094808,13.47,0.9096
ORD0094809,14.55,0.819
ORD0094810,24.25,0.9938
ORD0094811,20.91,0.1169
ORD0094812,15.02,0.1702
ORD0094813,37.52,0.0092
ORD0094814,15.62,0.775
ORD0094815,12.78,0.2904
ORD0094816,16.72,0.957
ORD0094817,22.2,0.1199
ORD0094818,21.98,0.1494
ORD0094819,18.67,0.2943
ORD0094820,20.43,0.2152
ORD0094821,18.88,0.7631
ORD0094822,19.54,0.4715
ORD0094823,46.68,0.9906
ORD0094824,48.56,0.9893
ORD0094825,25.03,0.998
ORD0094826,9.43,0.002
ORD0094827,9.15,0.002
ORD0094828,13.96,0.002
ORD0094829,13.72,0.002
ORD0094830,15.07,0.002
ORD0094831,24.47,0.002
ORD0094832,22.6,0.0026
ORD0094833,23.44,0.0385
ORD0094834,20.59,0.0658
ORD0094835,9.73,0.002
ORD0094836,7.92,0.002
ORD0094837,10.47,0.002
ORD0094838,21.23,0.002
ORD0094839,20.92,0.002
ORD0094840,19.2,0.6909
ORD0094841,18.9,0.6463
ORD0094842,12.79,0.0079
ORD0094843,12.57,0.7553
ORD0094844,19.7,0.002
ORD0094845,17.7,0.0553
ORD0094846,25.65,0.9969
ORD0094847,12.7,0.002
ORD0094848,13.47,0.002
ORD0094849,13.11,0.0039
ORD0094850,19.92,0.002
ORD0094851,17.66,0.002
ORD0094852,9.68,0.0121
ORD0094853,13.95,0.0053
ORD0094854,12.9,0.002
ORD0094855,19.13,0.1377
ORD0094856,20.51,0.0036
ORD0094857,15.45,0.8848
ORD0094858,15.05,0.0308
ORD0094859,25.27,0.002
ORD0094860,12.14,0.9908
ORD0094861,10.03,0.3482
ORD0094862,15.91,0.002
ORD0094863,22.84,0.0134
ORD0094864,21.18,0.002
ORD0094865,12.68,0.002
ORD0094866,19.58,0.2075
ORD0094867,18.14,0.002
ORD0094868,18.86,0.002
ORD0094869,21.28,0.002
ORD0094870,15.03,0.8307
ORD0094871,10.35,0.0189
ORD0094872,19.52,0.9919
ORD0094873,18.67,0.1536
ORD0094874,9.49,0.0066
ORD0094875,24.01,0.002
ORD0094876,21.05,0.002
ORD0094877,12.79,0.951
ORD0094878,14.76,0.2283
ORD0094879,16.56,0.9889
ORD0094880,15.16,0.5802
ORD0094881,30.89,0.1205
ORD0094882,17.67,0.9937
ORD0094883,16.96,0.8717
ORD0094884,30.84,0.7041
ORD0094885,26.83,0.1214
ORD0094886,20.27,0.9344
ORD0094887,21.56,0.002
ORD0094888,26.84,0.7877
ORD0094889,12.4,0.005
ORD0094890,14.36,0.002
ORD0094891,15.07,0.6288
ORD0094892,13.43,0.0154
ORD0094893,14.89,0.9436
ORD0094894,9.13,0.0093
ORD0094895,15.49,0.004
ORD0094896,15.38,0.9084
ORD0094897,10.86,0.0515
ORD0094898,9.31,0.002
ORD0094899,11.43,0.2083
ORD0094900,9.5,0.0078
ORD0094901,8.37,0.0067
ORD0094902,7.33,0.012
ORD0094903,14.29,0.0229
ORD0094904,11.55,0.0699
ORD0094905,10.63,0.182
ORD0094906,10.6,0.3846
ORD0094907,13.54,0.0163
ORD0094908,11.95,0.002
ORD0094909,11.25,0.002
ORD0094910,10.88,0.136
ORD0094911,10.79,0.002
ORD0094912,7.48,0.002
ORD0094913,7.57,0.002
ORD0094914,12.15,0.8108
ORD0094915,10.01,0.9799
ORD0094916,14.38,0.9931
ORD0094917,11.76,0.0065
ORD0094918,11.41,0.002
ORD0094919,16.84,0.9697
ORD0094920,21.22,0.5942
ORD0094921,26.63,0.6224
ORD0094922,11.41,0.998
ORD0094923,13.9,0.987
ORD0094924,16.94,0.998
ORD0094925,14.78,0.998
ORD0094926,20.69,0.002
ORD0094927,20.52,0.1778
ORD0094928,19.34,0.0054
ORD0094929,19.87,0.1169
ORD0094930,22.94,0.8201
ORD0094931,13.4,0.002
ORD0094932,10.07,0.0022
ORD0094933,20.95,0.8719
ORD0094934,18.13,0.002
ORD0094935,15.59,0.0568
ORD0094936,90.33,0.002
ORD0094937,23.38,0.002
ORD0094938,19.03,0.9838
ORD0094939,12.09,0.8463
ORD0094940,9.09,0.6603
ORD0094941,17.29,0.9953
ORD0094942,26.06,0.998
ORD0094943,18.25,0.9349
ORD0094944,15.91,0.9096
ORD0094945,12.46,0.1828
ORD0094946,13.39,0.6862
ORD0094947,12.38,0.4767
ORD0094948,11.68,0.0364
ORD0094949,20.22,0.207
ORD0094950,16.23,0.5029
ORD0094951,12.91,0.9268
ORD0094952,38.58,0.1038
ORD0094953,20.14,0.002
ORD0094954,13.95,0.002
ORD0094955,15.3,0.002
ORD0094956,38.28,0.0092
ORD0094957,34.63,0.002
ORD0094958,21.28,0.1885
ORD0094959,25.3,0.0354
ORD0094960,10.04,0.0038
ORD0094961,9.88,0.1081
ORD0094962,9.95,0.3213
ORD0094963,10.01,0.2271
ORD0094964,14.45,0.0892
ORD0094965,13.61,0.0041
ORD0094966,11.0,0.002
ORD0094967,18.08,0.1081
ORD0094968,17.72,0.002
ORD0094969,22.24,0.7158
ORD0094970,8.96,0.002
ORD0094971,8.46,0.0066
ORD0094972,9.6,0.002
ORD0094973,8.98,0.002
ORD0094974,21.8,0.002
ORD0094975,17.9,0.1348
ORD0094976,19.13,0.9932
ORD0094977,14.9,0.0108
ORD0094978,13.36,0.9966
ORD0094979,14.07,0.9428
ORD0094980,16.86,0.002
ORD0094981,15.85,0.002
ORD0094982,51.99,0.0156
ORD0094983,51.67,0.002
ORD0094984,69.19,0.002
ORD0094985,11.83,0.002
ORD0094986,11.93,0.002
ORD0094987,11.16,0.0042
ORD0094988,9.7,0.002
ORD0094989,19.21,0.002
ORD0094990,19.41,0.002
ORD0094991,11.23,0.0229
ORD0094992,8.72,0.0072
ORD0094993,15.11,0.2584
ORD0094994,12.28,0.0262
ORD0094995,22.48,0.8576
ORD0094996,21.9,0.2428
ORD0094997,17.73,0.9927
ORD0094998,16.51,0.9376
ORD0094999,24.81,0.0035
ORD0095000,31.58,0.002
ORD0095001,11.2,0.997
ORD0095002,11.02,0.002
ORD0095003,12.87,0.002
ORD0095004,25.76,0.0326
ORD0095005,20.87,0.0356
ORD0095006,15.95,0.002
ORD0095007,13.31,0.002
ORD0095008,18.94,0.6946
ORD0095009,20.04,0.6649
ORD0095010,15.84,0.003
ORD0095011,16.4,0.0028
ORD0095012,16.38,0.9587
ORD0095013,11.04,0.9628
ORD0095014,17.84,0.9946
ORD0095015,18.89,0.9909
ORD0095016,9.19,0.0324
ORD0095017,8.39,0.0285
ORD0095018,46.2,0.002
ORD0095019,12.62,0.027
ORD0095020,15.25,0.0091
ORD0095021,16.17,0.082
ORD0095022,13.3,0.0261
ORD0095023,26.8,0.002
ORD0095024,20.14,0.0022
ORD0095025,15.97,0.2777
ORD0095026,18.45,0.0086
ORD0095027,16.3,0.0278
ORD0095028,12.36,0.0104
ORD0095029,19.31,0.031
ORD0095030,18.84,0.0055
ORD0095031,12.54,0.0775
ORD0095032,14.56,0.0095
ORD0095033,14.42,0.0179
ORD0095034,11.75,0.0034
ORD0095035,14.77,0.3615
ORD0095036,9.26,0.0238
ORD0095037,8.74,0.5212
ORD0095038,11.23,0.1172
ORD0095039,16.04,0.1729
ORD0095040,14.28,0.0323
ORD0095041,12.88,0.0687
ORD0095042,12.34,0.0095
ORD0095043,8.44,0.002
ORD0095044,7.93,0.002
ORD0095045,11.0,0.8496
ORD0095046,9.27,0.592
ORD0095047,7.98,0.2789
ORD0095048,8.41,0.8864
ORD0095049,13.58,0.8087
ORD0095050,11.18,0.9654
ORD0095051,12.91,0.9791
ORD0095052,9.95,0.002
ORD0095053,9.92,0.002
ORD0095054,8.32,0.002
ORD0095055,8.14,0.002
ORD0095056,6.43,0.002
ORD0095057,5.95,0.002
ORD0095058,8.83,0.002
ORD0095059,8.52,0.002
ORD0095060,7.53,0.0021
ORD0095061,6.83,0.002
ORD0095062,11.06,0.0408
ORD0095063,9.47,0.002
ORD0095064,8.65,0.002
ORD0095065,11.99,0.0053
ORD0095066,14.45,0.0215
ORD0095067,19.16,0.002
ORD0095068,23.19,0.0037
ORD0095069,8.21,0.0638
ORD0095070,9.27,0.7104
ORD0095071,17.11,0.6589
ORD0095072,19.65,0.002
ORD0095073,16.35,0.01
ORD0095074,17.64,0.0276
ORD0095075,20.12,0.3514
ORD0095076,21.87,0.6492
ORD0095077,10.56,0.002
ORD0095078,10.23,0.0082
ORD0095079,18.31,0.9555
ORD0095080,17.62,0.9905
ORD0095081,11.62,0.002
ORD0095082,17.43,0.1166
ORD0095083,14.45,0.1546
ORD0095084,7.08,0.0187
ORD0095085,6.81,0.0169
ORD0095086,11.26,0.3481
ORD0095087,10.32,0.6212
ORD0095088,22.43,0.7954
ORD0095089,17.94,0.9387
ORD0095090,11.55,0.0366
ORD0095091,10.22,0.0379
ORD0095092,10.99,0.1187
ORD0095093,10.35,0.2652
ORD0095094,20.75,0.636
ORD0095095,16.08,0.138
ORD0095096,15.47,0.8767
ORD0095097,12.33,0.2971
ORD0095098,16.3,0.0267
ORD0095099,14.17,0.9818
ORD0095100,15.46,0.3193
ORD0095101,38.77,0.9181
ORD0095102,19.21,0.9875
ORD0095103,9.62,0.002
ORD0095104,9.73,0.002
ORD0095105,9.39,0.002
ORD0095106,13.38,0.002
ORD0095107,13.23,0.002
ORD0095108,13.36,0.002
ORD0095109,13.47,0.4718
ORD0095110,13.34,0.002
ORD0095111,13.61,0.002
ORD0095112,19.55,0.0323
ORD0095113,26.69,0.5927
ORD0095114,16.76,0.002
ORD0095115,11.26,0.002
ORD0095116,10.31,0.0089
ORD0095117,20.84,0.002
ORD0095118,20.3,0.994
ORD0095119,17.03,0.3192
ORD0095120,16.43,0.998
ORD0095121,14.37,0.9958
ORD0095122,16.3,0.002
ORD0095123,12.88,0.002
ORD0095124,16.95,0.002
ORD0095125,25.19,0.998
ORD0095126,13.25,0.002
ORD0095127,11.98,0.002
ORD0095128,13.67,0.002
ORD0095129,18.06,0.002
ORD0095130,12.08,0.0102
ORD0095131,10.53,0.002
ORD0095132,12.89,0.002
ORD0095133,19.86,0.0997
ORD0095134,18.03,0.8033
ORD0095135,15.07,0.002
ORD0095136,26.21,0.002
ORD0095137,33.33,0.002
ORD0095138,12.22,0.9804
ORD0095139,11.04,0.0033
ORD0095140,12.04,0.002
ORD0095141,67.43,0.002
ORD0095142,36.72,0.0619
ORD0095143,22.57,0.002
ORD0095144,23.09,0.0037
ORD0095145,18.26,0.0274
ORD0095146,14.58,0.002
ORD0095147,12.6,0.0221
ORD0095148,22.51,0.0313
ORD0095149,20.11,0.5259
ORD0095150,16.9,0.002
ORD0095151,13.11,0.6707
ORD0095152,21.6,0.9737
ORD0095153,9.63,0.0038
ORD0095154,12.81,0.0431
ORD0095155,13.55,0.016
ORD0095156,15.1,0.2232
ORD0095157,14.05,0.0421
ORD0095158,29.33,0.002
ORD0095159,23.04,0.002
ORD0095160,17.39,0.5146
ORD0095161,16.14,0.1734
ORD0095162,20.15,0.0065
ORD0095163,19.88,0.0036
ORD0095164,17.91,0.0404
ORD0095165,13.15,0.0183
ORD0095166,19.84,0.0034
ORD0095167,11.64,0.0053
ORD0095168,15.33,0.002
ORD0095169,11.46,0.0123
ORD0095170,10.31,0.0194
ORD0095171,17.17,0.0058
ORD0095172,15.19,0.9482
ORD0095173,12.21,0.0976
ORD0095174,11.15,0.1332
ORD0095175,8.82,0.3006
ORD0095176,16.49,0.467
ORD0095177,10.43,0.7895
ORD0095178,7.39,0.0645
ORD0095179,7.87,0.2952
ORD0095180,19.04,0.3325
ORD0095181,10.88,0.746
ORD0095182,10.56,0.7722
ORD0095183,12.64,0.002
ORD0095184,11.31,0.002
ORD0095185,11.33,0.002
ORD0095186,9.47,0.002
ORD0095187,7.45,0.002
ORD0095188,10.61,0.002
ORD0095189,10.32,0.002
ORD0095190,8.92,0.0053
ORD0095191,8.38,0.002
ORD0095192,13.91,0.0736
ORD0095193,10.16,0.002
ORD0095194,10.51,0.002
ORD0095195,11.05,0.002
ORD0095196,15.11,0.002
ORD0095197,17.08,0.9274
ORD0095198,24.54,0.002
ORD0095199,26.59,0.819
ORD0095200,9.52,0.0051
ORD0095201,16.39,0.0972
ORD0095202,15.3,0.9961
ORD0095203,35.81,0.002
ORD0095204,127.69,0.002
ORD0095205,19.78,0.0066
ORD0095206,19.43,0.1192
ORD0095207,18.23,0.0187
ORD0095208,24.03,0.853
ORD0095209,11.51,0.002
ORD0095210,10.75,0.002
ORD0095211,21.47,0.9918
ORD0095212,20.25,0.651
ORD0095213,14.83,0.0023
ORD0095214,16.79,0.0116
ORD0095215,17.14,0.2676
ORD0095216,16.08,0.031
ORD0095217,9.51,0.0453
ORD0095218,8.21,0.016
ORD0095219,12.82,0.681
ORD0095220,10.31,0.1796
ORD0095221,25.38,0.9479
ORD0095222,17.43,0.52
ORD0095223,14.9,0.091
ORD0095224,13.18,0.55
ORD0095225,11.44,0.0281
ORD0095226,13.09,0.8275
ORD0095227,11.41,0.0636
ORD0095228,19.08,0.1701
ORD0095229,16.98,0.1759
ORD0095230,15.95,0.3575
ORD0095231,12.97,0.3678
ORD0095232,69.62,0.1869
ORD0095233,21.33,0.0346
ORD0095234,16.13,0.9846
ORD0095235,15.16,0.5368
ORD0095236,19.47,0.9972
ORD0095237,59.82,0.9724
ORD0095238,26.12,0.9968
ORD0095239,27.82,0.998
ORD0095240,31.66,0.002
ORD0095241,12.46,0.1311
ORD0095242,12.03,0.002
ORD0095243,13.55,0.9942
ORD0095244,10.66,0.0067
ORD0095245,19.77,0.9749
ORD0095246,16.6,0.002
ORD0095247,16.14,0.1313
ORD0095248,16.17,0.937
ORD0095249,20.78,0.6088
ORD0095250,16.13,0.0352
ORD0095251,32.21,0.995
ORD0095252,24.49,0.9898
ORD0095253,39.2,0.998
ORD0095254,11.87,0.002
ORD0095255,10.15,0.002
ORD0095256,14.5,0.978
ORD0095257,12.34,0.5839
ORD0095258,24.5,0.002
ORD0095259,20.32,0.002
ORD0095260,22.86,0.9753
ORD0095261,25.15,0.998
ORD0095262,18.53,0.998
ORD0095263,23.45,0.0266
ORD0095264,15.18,0.0052
ORD0095265,25.44,0.998
ORD0095266,25.58,0.998
ORD0095267,68.02,0.0962
ORD0095268,94.89,0.9976
ORD0095269,46.01,0.0273
ORD0095270,64.38,0.002
ORD0095271,26.1,0.002
ORD0095272,50.61,0.002
ORD0095273,19.25,0.002
ORD0095274,14.41,0.0079
ORD0095275,15.18,0.002
ORD0095276,14.73,0.1233
ORD0095277,25.72,0.002
ORD0095278,19.29,0.002
ORD0095279,10.8,0.0608
ORD0095280,15.76,0.0078
ORD0095281,28.08,0.4898
ORD0095282,25.85,0.6642
ORD0095283,21.32,0.9819
ORD0095284,33.91,0.002
ORD0095285,12.35,0.198
ORD0095286,19.31,0.9882
ORD0095287,17.53,0.002
ORD0095288,17.43,0.0053
ORD0095289,38.27,0.8964
ORD0095290,18.3,0.0152
ORD0095291,17.58,0.002
ORD0095292,35.09,0.9928
ORD0095293,24.33,0.5335
ORD0095294,20.88,0.1293
ORD0095295,21.66,0.0098
ORD0095296,18.85,0.998
ORD0095297,26.09,0.998
ORD0095298,22.85,0.9641
ORD0095299,12.05,0.8025
ORD0095300,10.76,0.1737
ORD0095301,19.96,0.6476
ORD0095302,16.92,0.0296
ORD0095303,22.21,0.9472
ORD0095304,17.21,0.159
ORD0095305,32.37,0.0081
ORD0095306,26.51,0.002
ORD0095307,22.79,0.9901
ORD0095308,20.99,0.5631
ORD0095309,27.26,0.0841
ORD0095310,19.65,0.0074
ORD0095311,19.22,0.5699
ORD0095312,16.12,0.0296
ORD0095313,26.81,0.0084
ORD0095314,25.85,0.0058
ORD0095315,13.91,0.0155
ORD0095316,16.92,0.0159
ORD0095317,21.27,0.003
ORD0095318,14.96,0.0033
ORD0095319,15.03,0.0465
ORD0095320,12.21,0.0382
ORD0095321,10.99,0.0095
ORD0095322,17.22,0.8897
ORD0095323,20.57,0.383
ORD0095324,24.85,0.5269
ORD0095325,16.33,0.0042
ORD0095326,17.64,0.1496
ORD0095327,10.65,0.0836
ORD0095328,17.29,0.4508
ORD0095329,9.45,0.0147
ORD0095330,8.92,0.0166
ORD0095331,14.83,0.1007
ORD0095332,13.81,0.0899
ORD0095333,12.88,0.3859
ORD0095334,13.74,0.0234
ORD0095335,12.3,0.002
ORD0095336,12.99,0.002
ORD0095337,12.65,0.002
ORD0095338,11.89,0.1401
ORD0095339,12.05,0.002
ORD0095340,8.62,0.002
ORD0095341,8.39,0.002
ORD0095342,13.31,0.8337
ORD0095343,11.35,0.0042
ORD0095344,12.29,0.9683
ORD0095345,11.04,0.077
ORD0095346,14.64,0.9847
ORD0095347,13.59,0.4879
ORD0095348,11.56,0.002
ORD0095349,15.35,0.002
ORD0095350,16.12,0.002
ORD0095351,22.03,0.002
ORD0095352,9.98,0.002
ORD0095353,17.25,0.0056
ORD0095354,13.51,0.002
ORD0095355,25.6,0.002
ORD0095356,71.07,0.002
ORD0095357,48.2,0.002
ORD0095358,53.18,0.002
ORD0095359,72.59,0.002
ORD0095360,99.63,0.3761
ORD0095361,50.11,0.002
ORD0095362,22.41,0.002
ORD0095363,22.36,0.002
ORD0095364,20.85,0.002
ORD0095365,23.49,0.002
ORD0095366,23.33,0.0271
ORD0095367,14.43,0.002
ORD0095368,22.86,0.7245
ORD0095369,17.63,0.002
ORD0095370,15.81,0.002
ORD0095371,21.84,0.2572
ORD0095372,10.66,0.0251
ORD0095373,16.21,0.6682
ORD0095374,15.19,0.7785
ORD0095375,25.55,0.9737
ORD0095376,29.9,0.9698
ORD0095377,14.9,0.0994
ORD0095378,15.88,0.3286
ORD0095379,15.0,0.6361
ORD0095380,15.39,0.1423
ORD0095381,15.54,0.9249
ORD0095382,14.35,0.5478
ORD0095383,26.52,0.3107
ORD0095384,17.0,0.5985
ORD0095385,14.18,0.3867
ORD0095386,20.57,0.002
ORD0095387,16.86,0.0032
ORD0095388,19.66,0.002
ORD0095389,48.33,0.0383
ORD0095390,40.95,0.002
ORD0095391,26.16,0.7979
ORD0095392,27.19,0.0041
ORD0095393,11.6,0.002
ORD0095394,11.48,0.002
ORD0095395,10.94,0.0037
ORD0095396,10.35,0.002
ORD0095397,15.73,0.002
ORD0095398,15.54,0.002
ORD0095399,16.82,0.002
ORD0095401,19.82,0.002
ORD0095402,18.82,0.5314
ORD0095403,29.47,0.0027
ORD0095404,36.22,0.0523
ORD0095405,28.37,0.9973
ORD0095406,13.38,0.002
ORD0095408,11.38,0.002
ORD0095409,10.72,0.002
ORD0095410,26.28,0.002
ORD0095411,23.95,0.01
ORD0095412,18.44,0.2777
ORD0095413,21.86,0.002
ORD0095414,15.89,0.0487
ORD0095415,28.24,0.9291
ORD0095416,103.83,0.002
ORD0095417,15.91,0.002
ORD0095418,15.71,0.002
ORD0095419,13.73,0.002
ORD0095420,25.84,0.002
ORD0095421,12.81,0.002
ORD0095422,9.8,0.0113
ORD0095423,20.87,0.0086
ORD0095424,16.96,0.1005
ORD0095425,23.2,0.002
ORD0095426,30.84,0.7405
ORD0095427,24.08,0.1838
ORD0095428,32.44,0.002
ORD0095429,35.99,0.002
ORD0095430,18.03,0.8936
ORD0095431,14.21,0.002
ORD0095432,19.6,0.002
ORD0095433,23.46,0.0074
ORD0095434,17.57,0.002
ORD0095435,31.59,0.0997
ORD0095436,23.83,0.002
ORD0095437,21.99,0.002
ORD0095438,17.67,0.9207
ORD0095439,11.64,0.002
ORD0095440,23.64,0.9961
ORD0095441,10.27,0.0061
ORD0095442,11.8,0.002
ORD0095443,22.77,0.9909
ORD0095444,24.75,0.9967
ORD0095445,34.23,0.403
ORD0095446,22.66,0.998
ORD0095447,21.87,0.9968
ORD0095448,36.66,0.9307
ORD0095449,34.25,0.9918
ORD0095450,27.81,0.9855
ORD0095451,71.62,0.9838
ORD0095452,54.61,0.0839
ORD0095453,33.9,0.1518
ORD0095454,16.8,0.4384
ORD0095455,17.49,0.002
ORD0095456,19.14,0.0453
ORD0095457,14.53,0.8808
ORD0095458,14.7,0.0022
ORD0095459,47.2,0.002
ORD0095460,15.87,0.2836
ORD0095461,13.21,0.4232
ORD0095462,18.9,0.041
ORD0095463,20.32,0.0828
ORD0095464,17.39,0.0091
ORD0095465,18.06,0.0174
ORD0095466,10.43,0.002
ORD0095467,16.24,0.8409
ORD0095468,34.31,0.002
ORD0095469,60.81,0.002
ORD0095470,11.63,0.6424
ORD0095471,19.26,0.9245
ORD0095472,20.36,0.931
ORD0095473,13.83,0.987
ORD0095474,13.34,0.002
ORD0095475,12.1,0.002
ORD0095476,12.26,0.002
ORD0095477,11.97,0.002
ORD0095478,10.67,0.002
ORD0095479,8.05,0.002
ORD0095480,10.88,0.002
ORD0095481,11.3,0.002
ORD0095482,10.19,0.04
ORD0095483,12.82,0.4338
ORD0095484,10.86,0.0025
ORD0095485,11.07,0.002
ORD0095486,11.38,0.002
ORD0095487,17.71,0.002
ORD0095488,17.71,0.002
ORD0095489,27.19,0.002
ORD0095490,31.53,0.002
ORD0095491,9.51,0.0038
ORD0095492,9.57,0.0129
ORD0095493,20.53,0.0607
ORD0095494,23.72,0.0089
ORD0095495,19.72,0.0353
ORD0095496,20.89,0.2557
ORD0095497,21.6,0.8663
ORD0095498,28.5,0.7858
ORD0095499,16.36,0.002
ORD0095500,23.59,0.9929
ORD0095501,18.19,0.0025
ORD0095502,17.01,0.0097
ORD0095503,25.47,0.9617
ORD0095504,17.61,0.007
ORD0095505,14.36,0.6202
ORD0095506,17.78,0.9898
ORD0095507,25.92,0.998
ORD0095508,18.28,0.0666
ORD0095509,20.36,0.8245
ORD0095510,14.86,0.1034
ORD0095511,13.63,0.2317
ORD0095512,12.41,0.3672
ORD0095513,23.42,0.6805
ORD0095514,19.74,0.1762
ORD0095515,15.26,0.9584
ORD0095516,23.61,0.0747
ORD0095517,16.98,0.271
ORD0095518,21.54,0.7879
ORD0095519,17.25,0.9582
ORD0095520,67.6,0.9881
ORD0095521,61.07,0.997
ORD0095522,29.77,0.998
ORD0095523,31.42,0.998
ORD0095524,10.94,0.002
ORD0095525,11.28,0.0103
ORD0095526,10.15,0.002
ORD0095527,16.07,0.004
ORD0095528,15.38,0.002
ORD0095529,13.62,0.0514
ORD0095530,13.99,0.651
ORD0095531,19.46,0.0315
ORD0095532,12.86,0.002
ORD0095533,25.58,0.4235
ORD0095534,32.66,0.9605
ORD0095535,30.21,0.9715
ORD0095536,27.88,0.998
ORD0095537,12.97,0.002
ORD0095538,12.56,0.0039
ORD0095540,24.64,0.002
ORD0095541,20.03,0.002
ORD0095542,21.26,0.8068
ORD0095543,17.85,0.9939
ORD0095544,15.89,0.9495
ORD0095545,17.4,0.0036
ORD0095546,15.14,0.0021
ORD0095547,24.01,0.998
ORD0095548,19.92,0.998
ORD0095549,16.93,0.002
ORD0095550,14.14,0.002
ORD0095551,11.14,0.002
ORD0095552,25.69,0.002
ORD0095553,20.52,0.002
ORD0095554,10.98,0.0046
ORD0095555,11.13,0.002
ORD0095556,14.18,0.0484
ORD0095557,15.92,0.002
ORD0095558,28.36,0.6484
ORD0095559,18.21,0.2587
ORD0095560,16.04,0.002
ORD0095561,35.55,0.0108
ORD0095562,36.23,0.002
ORD0095563,15.49,0.9178
ORD0095564,12.16,0.0071
ORD0095565,16.73,0.0023
ORD0095566,13.0,0.002
ORD0095567,91.93,0.002
ORD0095568,32.66,0.0126
ORD0095569,25.55,0.0091
ORD0095570,17.35,0.002
ORD0095571,14.36,0.002
ORD0095572,32.52,0.3159
ORD0095573,21.89,0.002
ORD0095574,15.43,0.986
ORD0095575,11.43,0.1333
ORD0095576,24.48,0.998
ORD0095577,21.08,0.6413
ORD0095578,10.41,0.0077
ORD0095579,9.36,0.005
ORD0095580,16.33,0.3869
ORD0095581,19.12,0.8057
ORD0095582,31.31,0.0084
ORD0095583,26.73,0.011
ORD0095584,21.97,0.9615
ORD0095585,24.05,0.0404
ORD0095586,18.28,0.3551
ORD0095587,17.16,0.0303
ORD0095588,33.77,0.0163
ORD0095589,23.08,0.0127
ORD0095590,13.99,0.0581
ORD0095591,14.16,0.0248
ORD0095592,15.64,0.0078
ORD0095593,13.52,0.0103
ORD0095594,14.94,0.2
ORD0095595,11.29,0.115
ORD0095596,14.72,0.3276
ORD0095597,21.98,0.8995
ORD0095598,17.1,0.0423
ORD0095599,15.82,0.0497
ORD0095600,14.01,0.5833
ORD0095601,10.95,0.8472
ORD0095602,17.19,0.9236
ORD0095603,15.44,0.9846
ORD0095604,29.32,0.0024
ORD0095605,7.62,0.0732
ORD0095606,17.08,0.3678
ORD0095607,13.05,0.0848
ORD0095608,12.63,0.7921
ORD0095609,11.53,0.5683
ORD0095610,12.76,0.0021
ORD0095611,12.88,0.002
ORD0095612,12.65,0.002
ORD0095613,12.06,0.002
ORD0095614,11.17,0.0127
ORD0095615,11.22,0.008
ORD0095616,8.45,0.002
ORD0095617,8.59,0.002
ORD0095618,11.54,0.1886
ORD0095619,10.58,0.9076
ORD0095620,10.32,0.1367
ORD0095621,14.38,0.9898
ORD0095622,13.16,0.9925
ORD0095623,12.47,0.002
ORD0095624,16.86,0.7586
ORD0095625,26.66,0.2231
ORD0095626,14.93,0.9974
ORD0095627,11.6,0.002
ORD0095628,17.56,0.998
ORD0095629,13.37,0.002
ORD0095630,20.13,0.0088
ORD0095631,20.02,0.002
ORD0095632,20.82,0.2879
ORD0095633,18.68,0.002
ORD0095634,23.04,0.9579
ORD0095635,21.24,0.1613
ORD0095636,12.4,0.002
ORD0095637,11.55,0.002
ORD0095638,20.74,0.9967
ORD0095639,17.31,0.9275
ORD0095640,16.47,0.0028
ORD0095641,16.32,0.002
ORD0095642,25.71,0.002
ORD0095643,21.65,0.3654
ORD0095644,19.9,0.6343
ORD0095645,9.22,0.0266
ORD0095646,9.0,0.1346
ORD0095647,15.51,0.7248
ORD0095648,13.02,0.9284
ORD0095649,26.2,0.9776
ORD0095650,16.15,0.1132
ORD0095651,14.29,0.345
ORD0095652,30.58,0.004
ORD0095653,18.3,0.1891
ORD0095654,13.2,0.6542
ORD0095655,16.49,0.464
ORD0095656,25.28,0.6409
ORD0095657,19.51,0.3433
ORD0095658,20.38,0.9324
ORD0095659,20.25,0.0277
ORD0095660,18.38,0.2454
ORD0095661,17.59,0.0096
ORD0095662,62.9,0.9044
ORD0095663,41.75,0.1056
ORD0095664,26.87,0.9934
ORD0095665,9.65,0.002
ORD0095666,9.17,0.002
ORD0095667,13.91,0.002
ORD0095668,15.67,0.002
ORD0095669,16.69,0.0188
ORD0095670,23.93,0.1443
ORD0095671,18.53,0.0071
ORD0095672,29.83,0.9655
ORD0095673,19.63,0.1358
ORD0095674,10.9,0.002
ORD0095675,7.75,0.002
ORD0095676,9.84,0.002
ORD0095677,25.77,0.002
ORD0095678,20.09,0.002
ORD0095679,22.93,0.9975
ORD0095680,16.22,0.3862
ORD0095681,13.57,0.0078
ORD0095682,14.15,0.9946
ORD0095683,14.79,0.0026
ORD0095684,19.82,0.0901
ORD0095685,27.49,0.9962
ORD0095686,12.98,0.0026
ORD0095687,13.39,0.002
ORD0095688,11.65,0.0205
ORD0095689,19.36,0.002
ORD0095690,19.48,0.002
ORD0095691,10.94,0.002
ORD0095692,16.37,0.0079
ORD0095693,14.28,0.002
ORD0095694,22.77,0.4477
ORD0095695,20.65,0.01
ORD0095696,16.78,0.0894
ORD0095697,16.51,0.1366
ORD0095698,32.62,0.002
ORD0095699,14.08,0.708
ORD0095700,14.82,0.8007
ORD0095701,17.44,0.002
ORD0095702,27.13,0.0097
ORD0095703,20.89,0.0036
ORD0095704,17.1,0.002
ORD0095705,19.93,0.166
ORD0095706,16.7,0.0349
ORD0095707,17.17,0.002
ORD0095708,19.33,0.002
ORD0095709,16.47,0.8409
ORD0095710,11.2,0.5672
ORD0095711,20.51,0.9918
ORD0095712,20.66,0.9525
ORD0095713,8.93,0.0083
ORD0095714,25.9,0.002
ORD0095715,23.98,0.002
ORD0095716,14.27,0.1174
ORD0095717,14.26,0.0122
ORD0095718,18.59,0.5656
ORD0095719,14.12,0.0409
ORD0095720,26.42,0.0053
ORD0095721,19.93,0.8542
ORD0095722,16.65,0.1189
ORD0095723,20.08,0.0212
ORD0095724,20.81,0.0088
ORD0095725,16.43,0.1015
ORD0095726,22.05,0.0128
ORD0095727,19.85,0.0029
ORD0095728,13.72,0.0292
ORD0095729,12.74,0.0073
ORD0095730,12.05,0.002
ORD0095731,12.34,0.0688
ORD0095732,12.85,0.0062
ORD0095733,12.28,0.1765
ORD0095734,18.42,0.0411
ORD0095735,12.51,0.0101
ORD0095736,11.25,0.6067
ORD0095737,9.24,0.1479
ORD0095738,13.02,0.9575
ORD0095739,10.85,0.7626
ORD0095740,7.68,0.0605
ORD0095741,8.61,0.1034
ORD0095742,13.48,0.3243
ORD0095743,12.42,0.4304
ORD0095744,11.08,0.7175
ORD0095745,12.18,0.8206
ORD0095746,12.16,0.002
ORD0095747,11.36,0.002
ORD0095748,11.29,0.002
ORD0095749,11.29,0.0116
ORD0095750,10.11,0.002
ORD0095751,7.79,0.002
ORD0095752,7.64,0.002
ORD0095753,10.97,0.0799
ORD0095754,9.85,0.5694
ORD0095755,12.88,0.897
ORD0095756,10.85,0.002
ORD0095757,10.78,0.002
ORD0095758,15.66,0.002
ORD0095759,20.25,0.002
ORD0095760,23.43,0.002
ORD0095761,10.12,0.002
ORD0095762,10.8,0.002
ORD0095763,16.41,0.002
ORD0095764,12.59,0.002
ORD0095765,21.26,0.002
ORD0095766,19.4,0.002
ORD0095767,16.83,0.002
ORD0095768,20.01,0.0096
ORD0095769,25.7,0.013
ORD0095770,14.63,0.002
ORD0095771,10.58,0.002
ORD0095772,18.97,0.2372
ORD0095773,15.17,0.002
ORD0095774,18.55,0.002
ORD0095775,67.88,0.002
ORD0095776,25.41,0.002
ORD0095777,18.83,0.9784
ORD0095778,9.19,0.5705
ORD0095779,9.34,0.7711
ORD0095780,13.82,0.9938
ORD0095781,24.17,0.998
ORD0095782,20.94,0.9013
ORD0095783,14.31,0.9133
ORD0095784,12.8,0.0655
ORD0095785,12.09,0.3375
ORD0095786,12.4,0.141
ORD0095787,13.02,0.5936
ORD0095788,22.04,0.5594
ORD0095789,15.23,0.8589
ORD0095790,11.99,0.5535
ORD0095791,41.6,0.1281
ORD0095792,20.02,0.002
ORD0095793,15.97,0.002
ORD0095794,15.37,0.004
ORD0095795,43.72,0.0313
ORD0095796,34.49,0.002
ORD0095797,22.56,0.7818
ORD0095798,23.9,0.0121
ORD0095799,8.91,0.002
ORD0095800,9.48,0.002
ORD0095801,9.18,0.002
ORD0095802,8.46,0.002
ORD0095803,13.31,0.002
ORD0095804,12.31,0.0043
ORD0095805,12.18,0.002
ORD0095806,18.43,0.0155
ORD0095807,22.1,0.002
ORD0095808,22.71,0.2796
ORD0095809,8.81,0.002
ORD0095810,8.4,0.002
ORD0095811,9.36,0.0039
ORD0095812,9.68,0.002
ORD0095813,18.24,0.002
ORD0095814,18.68,0.002
ORD0095815,20.16,0.9715
ORD0095816,17.65,0.9722
ORD0095817,16.3,0.9974
ORD0095818,13.39,0.4513
ORD0095819,15.87,0.002
ORD0095820,17.93,0.405
ORD0095821,109.55,0.0026
ORD0095822,44.93,0.002
ORD0095823,14.04,0.2452
ORD0095824,11.79,0.002
ORD0095825,14.39,0.9572
ORD0095826,10.62,0.002
ORD0095827,19.53,0.002
ORD0095828,15.68,0.002
ORD0095829,8.95,0.002
ORD0095830,8.69,0.0042
ORD0095831,12.26,0.0062
ORD0095832,13.78,0.0739
ORD0095833,18.71,0.037
ORD0095834,20.08,0.7009
ORD0095835,16.61,0.5731
ORD0095836,15.4,0.99
ORD0095837,20.39,0.002
ORD0095838,23.0,0.002
ORD0095839,12.09,0.9761
ORD0095840,14.12,0.002
ORD0095841,13.36,0.002
ORD0095842,23.07,0.0262
ORD0095843,18.29,0.0355
ORD0095844,11.87,0.002
ORD0095845,11.85,0.002
ORD0095846,27.61,0.5101
ORD0095847,18.57,0.5519
ORD0095848,16.44,0.0025
ORD0095849,18.23,0.0035
ORD0095850,12.14,0.9745
ORD0095851,11.12,0.9577
ORD0095852,18.86,0.9973
ORD0095853,18.39,0.9918
ORD0095854,8.88,0.0335
ORD0095855,8.55,0.0304
ORD0095856,14.07,0.0116
ORD0095857,15.0,0.008
ORD0095858,13.99,0.0379
ORD0095859,13.51,0.0393
ORD0095860,22.12,0.002
ORD0095861,21.81,0.002
ORD0095862,16.53,0.1851
ORD0095863,15.35,0.0034
ORD0095864,14.83,0.0122
ORD0095865,12.62,0.0101
ORD0095866,20.86,0.0185
ORD0095867,18.94,0.002
ORD0095868,12.19,0.0432
ORD0095869,11.96,0.0052
ORD0095870,13.78,0.0146
ORD0095871,11.8,0.002
ORD0095872,12.22,0.1109
ORD0095873,9.52,0.0112
ORD0095874,24.18,0.002
ORD0095875,9.81,0.0364
ORD0095876,12.07,0.0871
ORD0095877,15.88,0.0061
ORD0095878,15.58,0.021
ORD0095879,11.11,0.0028
ORD0095880,12.52,0.0091
ORD0095881,9.6,0.2794
ORD0095882,10.82,0.3308
ORD0095883,13.79,0.8295
ORD0095884,10.74,0.9026
ORD0095885,6.37,0.002
ORD0095886,6.49,0.0086
ORD0095887,11.03,0.0107
ORD0095888,10.05,0.0497
ORD0095889,10.32,0.0516
ORD0095890,10.2,0.002
ORD0095891,9.72,0.002
ORD0095892,8.64,0.002
ORD0095893,8.28,0.002
ORD0095894,6.47,0.002
ORD0095895,5.97,0.002
ORD0095896,8.9,0.0026
ORD0095897,9.18,0.002
ORD0095898,8.02,0.0233
ORD0095899,8.23,0.0121
ORD0095900,11.57,0.2144
ORD0095901,9.06,0.002
ORD0095902,9.35,0.002
ORD0095903,14.59,0.002
ORD0095904,13.33,0.002
ORD0095905,21.84,0.002
ORD0095906,24.48,0.002
ORD0095907,7.68,0.002
ORD0095908,8.8,0.0052
ORD0095909,11.3,0.002
ORD0095910,17.6,0.002
ORD0095911,15.45,0.0051
ORD0095912,15.69,0.002
ORD0095913,17.17,0.0699
ORD0095914,18.02,0.002
ORD0095915,10.31,0.002
ORD0095916,9.15,0.002
ORD0095917,14.91,0.7143
ORD0095918,12.94,0.002
ORD0095919,14.6,0.002
ORD0095920,15.95,0.2058
ORD0095921,15.25,0.2775
ORD0095922,7.37,0.0337
ORD0095923,7.38,0.0591
ORD0095924,10.79,0.5666
ORD0095925,9.28,0.6635
ORD0095926,21.7,0.9462
ORD0095927,19.69,0.9524
ORD0095928,13.58,0.0962
ORD0095929,10.78,0.1144
ORD0095930,16.39,0.264
ORD0095931,10.51,0.4366
ORD0095932,18.85,0.5245
ORD0095933,15.39,0.6075
ORD0095934,12.54,0.7668
ORD0095935,11.46,0.8525
ORD0095936,12.91,0.002
ORD0095937,12.72,0.0122
ORD0095938,12.43,0.002
ORD0095939,31.27,0.002
ORD0095940,15.63,0.0114
ORD0095941,9.55,0.002
ORD0095942,10.16,0.002
ORD0095943,9.9,0.0755
ORD0095944,14.3,0.0286
ORD0095945,13.12,0.002
ORD0095946,12.05,0.002
ORD0095947,11.66,0.002
ORD0095948,15.23,0.0064
ORD0095949,13.48,0.002
ORD0095950,23.72,0.0464
ORD0095951,27.94,0.8066
ORD0095952,17.91,0.0056
ORD0095953,9.81,0.002
ORD0095954,8.89,0.002
ORD0095955,21.32,0.002
ORD0095956,22.81,0.9947
ORD0095957,14.96,0.0026
ORD0095958,12.14,0.002
ORD0095959,13.36,0.0439
ORD0095960,18.03,0.002
ORD0095961,12.47,0.002
ORD0095962,16.23,0.0033
ORD0095963,23.65,0.998
ORD0095964,12.02,0.002
ORD0095965,12.11,0.002
ORD0095966,12.91,0.002
ORD0095967,20.13,0.002
ORD0095968,9.53,0.0071
ORD0095969,8.16,0.002
ORD0095970,15.39,0.0428
ORD0095971,24.44,0.4417
ORD0095972,17.61,0.9667
ORD0095973,14.7,0.002
ORD0095974,26.06,0.002
ORD0095975,26.24,0.002
ORD0095976,9.0,0.002
ORD0095977,9.88,0.002
ORD0095978,13.0,0.002
ORD0095979,72.34,0.002
ORD0095980,49.45,0.002
ORD0095981,22.96,0.002
ORD0095982,21.03,0.0241
ORD0095983,23.22,0.002
ORD0095984,13.71,0.002
ORD0095985,12.88,0.002
ORD0095986,23.89,0.2423
ORD0095987,18.9,0.0024
ORD0095988,17.76,0.0031
ORD0095989,11.57,0.8484
ORD0095990,18.52,0.9815
ORD0095991,9.11,0.0254
ORD0095992,61.38,0.002
ORD0095993,11.76,0.1135
ORD0095994,13.23,0.087
ORD0095995,16.65,0.4478
ORD0095996,15.4,0.3311
ORD0095997,27.64,0.0058
ORD0095998,26.45,0.0071
ORD0095999,17.27,0.8185
ORD0096000,18.23,0.6875
ORD0096001,18.41,0.0209
ORD0096002,20.37,0.024
ORD0096003,18.83,0.1088
ORD0096004,14.84,0.0888
ORD0096005,24.45,0.0082
ORD0096006,15.45,0.0165
ORD0096007,13.0,0.0053
ORD0096008,10.48,0.048
ORD0096009,8.99,0.0152
ORD0096010,16.19,0.0055
ORD0096011,14.16,0.9051
ORD0096012,11.97,0.002
ORD0096013,9.36,0.0562
ORD0096014,8.0,0.0044
ORD0096015,11.32,0.2721
ORD0096016,9.39,0.0185
ORD0096017,8.11,0.0028
ORD0096018,8.16,0.0229
ORD0096019,12.42,0.0117
ORD0096020,10.29,0.0619
ORD0096021,9.85,0.0691
ORD0096022,12.15,0.0059
ORD0096023,11.62,0.002
ORD0096024,11.53,0.002
ORD0096025,10.27,0.0547
ORD0096026,7.77,0.002
ORD0096027,11.01,0.4052
ORD0096028,10.4,0.002
ORD0096029,9.7,0.9434
ORD0096030,8.43,0.002
ORD0096031,13.5,0.9802
ORD0096032,10.37,0.002
ORD0096033,10.38,0.002
ORD0096034,10.41,0.002
ORD0096035,14.72,0.002
ORD0096036,15.06,0.9349
ORD0096037,20.44,0.002
ORD0096038,34.38,0.5379
ORD0096039,9.89,0.002
ORD0096040,12.63,0.0104
ORD0096041,17.52,0.998
ORD0096042,21.01,0.002
ORD0096043,16.75,0.0027
ORD0096044,16.92,0.002
ORD0096045,22.86,0.0191
ORD0096046,10.52,0.002
ORD0096047,10.23,0.002
ORD0096048,19.71,0.5619
ORD0096049,16.5,0.0497
ORD0096050,16.31,0.002
ORD0096051,16.25,0.002
ORD0096052,19.9,0.3869
ORD0096053,17.77,0.051
ORD0096054,8.95,0.0504
ORD0096055,9.11,0.0275
ORD0096056,11.0,0.8142
ORD0096057,12.56,0.2795
ORD0096058,23.26,0.9673
ORD0096059,20.63,0.6588
ORD0096060,12.86,0.134
ORD0096061,13.62,0.1082
ORD0096062,12.42,0.1129
ORD0096063,11.89,0.2555
ORD0096064,12.61,0.2737
ORD0096065,24.2,0.0704
ORD0096066,21.98,0.3192
ORD0096067,13.11,0.1783
ORD0096068,11.97,0.5504
ORD0096069,17.79,0.002
ORD0096070,13.2,0.002
ORD0096071,15.67,0.002
ORD0096072,12.86,0.002
ORD0096073,35.82,0.0082
ORD0096074,20.43,0.0758
ORD0096075,19.14,0.0149
ORD0096076,33.1,0.002
ORD0096077,11.29,0.002
ORD0096078,12.61,0.0336
ORD0096079,10.81,0.002
ORD0096080,12.95,0.9472
ORD0096081,15.66,0.002
ORD0096082,18.8,0.9229
ORD0096083,13.95,0.002
ORD0096084,13.69,0.0185
ORD0096085,16.94,0.002
ORD0096086,14.6,0.002
ORD0096087,27.02,0.0165
ORD0096088,30.2,0.3694
ORD0096089,33.33,0.2491
ORD0096090,12.37,0.002
ORD0096091,10.92,0.002
ORD0096092,11.7,0.002
ORD0096093,11.61,0.0035
ORD0096094,23.93,0.002
ORD0096095,25.42,0.002
ORD0096096,18.92,0.002
ORD0096097,22.5,0.9837
ORD0096098,14.78,0.002
ORD0096099,21.14,0.002
ORD0096100,15.73,0.002
ORD0096101,19.12,0.002
ORD0096102,26.18,0.998
ORD0096103,84.46,0.0111
ORD0096104,65.5,0.002
ORD0096105,48.46,0.002
ORD0096106,69.71,0.0258
ORD0096107,30.46,0.002
ORD0096108,70.55,0.002
ORD0096109,15.18,0.002
ORD0096110,14.74,0.002
ORD0096111,12.95,0.002
ORD0096112,12.47,0.0062
ORD0096113,25.16,0.002
ORD0096114,19.71,0.002
ORD0096115,12.19,0.0022
ORD0096116,16.52,0.0172
ORD0096117,25.46,0.2531
ORD0096118,24.57,0.0447
ORD0096119,21.07,0.954
ORD0096120,30.67,0.002
ORD0096121,16.35,0.9949
ORD0096122,17.88,0.7934
ORD0096123,14.1,0.002
ORD0096124,18.42,0.002
ORD0096125,30.56,0.0373
ORD0096126,15.38,0.002
ORD0096127,16.75,0.002
ORD0096128,28.18,0.7588
ORD0096129,24.44,0.1873
ORD0096130,22.4,0.0033
ORD0096131,19.96,0.013
ORD0096132,17.65,0.9895
ORD0096133,25.19,0.9979
ORD0096134,22.11,0.898
ORD0096135,12.22,0.0354
ORD0096136,12.22,0.1803
ORD0096137,14.54,0.0279
ORD0096138,17.06,0.0755
ORD0096139,19.2,0.1767
ORD0096140,18.62,0.3283
ORD0096141,29.46,0.002
ORD0096142,26.37,0.0023
ORD0096143,20.95,0.6348
ORD0096144,21.97,0.8354
ORD0096145,25.74,0.0045
ORD0096146,22.33,0.0122
ORD0096147,17.76,0.031
ORD0096148,18.1,0.0767
ORD0096149,26.71,0.1193
ORD0096150,30.68,0.1077
ORD0096151,15.87,0.2981
ORD0096152,19.01,0.3271
ORD0096153,20.47,0.0374
ORD0096154,15.55,0.0442
ORD0096155,15.8,0.7012
ORD0096156,14.06,0.6949
ORD0096157,12.39,0.0198
ORD0096158,18.51,0.6963
ORD0096159,21.92,0.0067
ORD0096160,23.52,0.2599
ORD0096161,15.74,0.1828
ORD0096162,14.62,0.0708
ORD0096163,11.21,0.1864
ORD0096164,14.91,0.7744
ORD0096165,8.81,0.0104
ORD0096166,10.61,0.1749
ORD0096167,16.06,0.0666
ORD0096168,17.16,0.7748
ORD0096169,12.6,0.334
ORD0096170,13.7,0.002
ORD0096171,12.97,0.002
ORD0096172,13.09,0.002
ORD0096173,12.35,0.002
ORD0096174,11.09,0.0065
ORD0096175,12.37,0.002
ORD0096176,8.51,0.002
ORD0096177,8.81,0.002
ORD0096178,12.44,0.0604
ORD0096179,11.62,0.002
ORD0096180,11.49,0.4162
ORD0096181,9.42,0.0051
ORD0096182,13.56,0.8677
ORD0096183,12.7,0.0298
ORD0096184,11.33,0.002
ORD0096185,19.25,0.002
ORD0096186,17.44,0.002
ORD0096187,26.01,0.002
ORD0096188,10.28,0.002
ORD0096189,18.11,0.002
ORD0096190,13.1,0.002
ORD0096191,26.29,0.002
ORD0096192,68.57,0.002
ORD0096193,51.82,0.9029
ORD0096194,52.03,0.002
ORD0096195,66.1,0.002
ORD0096196,75.96,0.002
ORD0096197,21.91,0.002
ORD0096198,21.0,0.002
ORD0096199,20.91,0.0042
ORD0096200,21.78,0.0034
ORD0096201,25.05,0.0538
ORD0096202,13.28,0.002
ORD0096203,20.95,0.7986
ORD0096204,18.82,0.1746
ORD0096205,19.14,0.002
ORD0096206,23.62,0.1455
ORD0096207,10.74,0.0117
ORD0096208,14.84,0.4328
ORD0096209,12.34,0.1143
ORD0096210,28.84,0.8553
ORD0096211,21.34,0.2837
ORD0096212,15.76,0.0353
ORD0096213,14.53,0.0425
ORD0096214,14.03,0.2842
ORD0096215,13.49,0.0667
ORD0096216,13.68,0.624
ORD0096217,13.24,0.1367
ORD0096218,31.17,0.3324
ORD0096219,14.5,0.5311
ORD0096220,13.1,0.1974
ORD0096221,19.17,0.002
ORD0096222,15.42,0.002
ORD0096223,15.12,0.002
ORD0096224,39.11,0.0077
ORD0096225,38.66,0.002
ORD0096226,27.33,0.2773
ORD0096227,24.82,0.0021
ORD0096228,11.71,0.002
ORD0096229,11.21,0.002
ORD0096230,11.78,0.047
ORD0096231,10.5,0.002
ORD0096232,16.73,0.0283
ORD0096233,15.61,0.002
ORD0096234,15.74,0.002
ORD0096235,13.88,0.002
ORD0096236,17.72,0.0022
ORD0096237,17.6,0.002
ORD0096238,23.62,0.0128
ORD0096239,36.75,0.4234
ORD0096240,30.27,0.044
ORD0096241,13.97,0.002
ORD0096242,10.59,0.002
ORD0096243,12.34,0.002
ORD0096244,11.33,0.002
ORD0096245,27.85,0.002
ORD0096246,20.2,0.0042
ORD0096247,22.76,0.9898
ORD0096248,21.89,0.002
ORD0096249,16.22,0.002
ORD0096250,22.01,0.1005
ORD0096251,108.13,0.1593
ORD0096252,73.51,0.002
ORD0096253,58.5,0.002
ORD0096254,18.84,0.002
ORD0096255,16.07,0.0682
ORD0096256,12.43,0.002
ORD0096257,26.34,0.002
ORD0096258,11.0,0.0118
ORD0096259,10.59,0.0061
ORD0096260,20.93,0.2149
ORD0096261,17.0,0.053
ORD0096262,26.43,0.6674
ORD0096263,37.2,0.5662
ORD0096264,27.02,0.9909
ORD0096265,38.37,0.002
ORD0096266,40.13,0.002
ORD0096267,16.37,0.998
ORD0096268,16.24,0.002
ORD0096269,17.27,0.002
ORD0096270,33.94,0.062
ORD0096271,19.0,0.002
ORD0096272,37.95,0.8266
ORD0096273,22.14,0.002
ORD0096274,20.82,0.002
ORD0096275,19.16,0.9951
ORD0096276,12.37,0.0152
ORD0096277,24.21,0.998
ORD0096278,14.14,0.0328
ORD0096279,12.13,0.0071
ORD0096280,16.2,0.0173
ORD0096281,18.13,0.0653
ORD0096282,36.06,0.002
ORD0096283,19.11,0.3181
ORD0096284,19.36,0.0049
ORD0096285,22.25,0.0039
ORD0096286,36.59,0.0024
ORD0096287,20.12,0.0127
ORD0096288,60.71,0.0172
ORD0096289,53.86,0.002
ORD0096290,37.21,0.9158
ORD0096291,18.81,0.975
ORD0096292,19.56,0.1021
ORD0096293,22.64,0.7583
ORD0096294,19.07,0.9953
ORD0096295,15.17,0.3431
ORD0096296,49.84,0.0219
ORD0096297,32.72,0.0112
ORD0096298,11.03,0.0137
ORD0096299,17.82,0.4689
ORD0096300,19.12,0.002
ORD0096301,22.37,0.0896
ORD0096302,17.22,0.0082
ORD0096303,17.04,0.0217
ORD0096304,12.1,0.0692
ORD0096305,18.18,0.4212
ORD0096306,26.3,0.002
ORD0096307,50.22,0.002
ORD0096308,36.44,0.002
ORD0096309,9.46,0.0238
ORD0096310,17.35,0.0935
ORD0096311,17.5,0.0834
ORD0096312,12.95,0.4138
ORD0096313,11.65,0.002
ORD0096314,12.29,0.0159
ORD0096315,11.79,0.002
ORD0096316,12.01,0.002
ORD0096317,10.38,0.002
ORD0096318,8.11,0.002
ORD0096319,11.06,0.002
ORD0096320,11.47,0.279
ORD0096321,9.36,0.0206
ORD0096322,13.6,0.1838
ORD0096323,12.84,0.8879
ORD0096324,10.79,0.0035
ORD0096325,11.55,0.0042
ORD0096326,17.6,0.002
ORD0096327,17.5,0.002
ORD0096328,24.57,0.002
ORD0096329,26.51,0.002
ORD0096330,11.19,0.0397
ORD0096331,10.79,0.002
ORD0096332,20.26,0.5452
ORD0096333,20.46,0.031
ORD0096334,20.08,0.002
ORD0096335,25.19,0.4386
ORD0096336,25.5,0.9729
ORD0096337,26.55,0.0245
ORD0096338,14.2,0.002
ORD0096339,19.32,0.9974
ORD0096340,16.5,0.0034
ORD0096341,19.62,0.002
ORD0096342,21.15,0.6791
ORD0096343,18.27,0.0023
ORD0096344,10.23,0.1006
ORD0096345,15.25,0.9432
ORD0096346,22.96,0.9942
ORD0096347,23.65,0.0131
ORD0096348,16.48,0.3022
ORD0096349,16.03,0.1821
ORD0096350,16.17,0.3674
ORD0096351,12.5,0.1568
ORD0096352,22.34,0.2736
ORD0096353,18.65,0.0935
ORD0096354,17.46,0.5567
ORD0096355,95.54,0.1976
ORD0096356,20.47,0.0252
ORD0096357,13.61,0.0219
ORD0096358,14.9,0.269
ORD0096359,15.35,0.1742
ORD0096360,51.33,0.9666
ORD0096361,68.78,0.8923
ORD0096362,29.29,0.9976
ORD0096363,31.01,0.9945
ORD0096364,12.02,0.7965
ORD0096365,12.94,0.998
ORD0096366,10.75,0.0077
ORD0096367,19.2,0.998
ORD0096368,15.48,0.0022
ORD0096369,16.4,0.0207
ORD0096371,19.55,0.2875
ORD0096373,27.96,0.9445
ORD0096374,18.67,0.002
ORD0096375,39.82,0.9962
ORD0096376,26.44,0.0122
ORD0096377,12.77,0.002
ORD0096378,14.83,0.002
ORD0096380,27.83,0.002
ORD0096382,26.57,0.585
ORD0096383,17.42,0.9803
ORD0096385,18.11,0.0199
ORD0096386,14.84,0.002
ORD0096387,21.86,0.9946
ORD0096389,13.51,0.002
ORD0096390,11.23,0.002
ORD0096391,10.87,0.002
ORD0096392,20.94,0.002
ORD0096393,21.16,0.002
ORD0096394,11.44,0.002
ORD0096395,12.1,0.2449
ORD0096396,18.23,0.002
ORD0096397,16.8,0.002
ORD0096398,20.9,0.0029
ORD0096399,17.94,0.0621
ORD0096400,27.46,0.931
ORD0096401,33.86,0.002
ORD0096402,42.84,0.0044
ORD0096403,14.1,0.6241
ORD0096404,10.89,0.0221
ORD0096405,13.49,0.002
ORD0096406,15.83,0.002
ORD0096407,69.19,0.002
ORD0096408,27.17,0.3957
ORD0096409,28.82,0.9157
ORD0096410,17.02,0.002
ORD0096411,17.23,0.0534
ORD0096412,38.31,0.9709
ORD0096413,20.97,0.0199
ORD0096414,17.12,0.9979
ORD0096415,12.66,0.9919
ORD0096416,22.01,0.998
ORD0096417,25.73,0.9976
ORD0096418,10.37,0.2398
ORD0096419,11.1,0.7871
ORD0096420,14.64,0.5229
ORD0096421,19.78,0.8546
ORD0096422,31.16,0.0064
ORD0096423,28.21,0.0134
ORD0096424,20.68,0.9787
ORD0096425,22.78,0.0536
ORD0096426,19.17,0.4191
ORD0096427,19.14,0.19
ORD0096428,24.7,0.0168
ORD0096429,31.87,0.9176
ORD0096430,17.6,0.0501
ORD0096431,18.33,0.9772
ORD0096432,18.03,0.0078
ORD0096433,16.47,0.7936
ORD0096434,15.06,0.2778
ORD0096435,13.13,0.2696
ORD0096436,11.09,0.0052
ORD0096437,21.46,0.063
ORD0096438,22.93,0.002
ORD0096439,16.21,0.0208
ORD0096440,10.11,0.002
ORD0096441,10.15,0.0189
ORD0096442,12.43,0.7449
ORD0096443,11.75,0.0966
ORD0096444,35.19,0.002
ORD0096445,7.75,0.0101
ORD0096446,14.56,0.0434
ORD0096447,19.74,0.8282
ORD0096448,12.14,0.2557
ORD0096449,14.51,0.9829
ORD0096450,15.5,0.002
ORD0096451,12.98,0.178
ORD0096452,12.69,0.002
ORD0096453,12.76,0.002
ORD0096454,11.83,0.002
ORD0096455,12.93,0.8776
ORD0096456,8.47,0.002
ORD0096457,8.41,0.0022
ORD0096458,11.23,0.002
ORD0096459,10.32,0.017
ORD0096460,11.58,0.9813
ORD0096461,12.28,0.3178
ORD0096462,11.37,0.0027
ORD0096463,12.0,0.0142
ORD0096464,18.57,0.0038
ORD0096465,25.99,0.002
ORD0096466,11.07,0.0523
ORD0096467,13.59,0.9437
ORD0096468,21.84,0.6391
ORD0096469,18.49,0.9976
ORD0096470,21.21,0.0109
ORD0096471,21.41,0.0453
ORD0096472,20.85,0.1784
ORD0096473,22.65,0.671
ORD0096474,23.74,0.8847
ORD0096475,26.55,0.9855
ORD0096476,15.34,0.002
ORD0096477,12.64,0.002
ORD0096478,25.0,0.9943
ORD0096479,25.24,0.998
ORD0096480,16.61,0.002
ORD0096481,17.62,0.0042
ORD0096482,27.59,0.002
ORD0096483,20.28,0.4205
ORD0096484,19.52,0.5255
ORD0096485,9.99,0.0558
ORD0096486,8.91,0.0583
ORD0096487,16.21,0.848
ORD0096488,14.75,0.9352
ORD0096489,29.26,0.9856
ORD0096490,15.63,0.1829
ORD0096491,14.48,0.1732
ORD0096492,28.62,0.003
ORD0096493,16.26,0.231
ORD0096494,14.55,0.9336
ORD0096495,15.36,0.5856
ORD0096496,29.07,0.3046
ORD0096497,22.51,0.7121
ORD0096498,17.47,0.6494
ORD0096499,17.91,0.002
ORD0096500,20.47,0.0025
ORD0096501,14.58,0.002
ORD0096502,60.86,0.0876
ORD0096503,40.44,0.002
ORD0096504,25.03,0.9166
ORD0096505,9.54,0.002
ORD0096506,9.75,0.0063
ORD0096507,13.89,0.0033
ORD0096508,14.51,0.002
ORD0096509,13.2,0.002
ORD0096510,21.34,0.0037
ORD0096511,19.13,0.002
ORD0096512,32.2,0.1057
ORD0096513,21.5,0.3077
ORD0096514,10.67,0.002
ORD0096515,10.83,0.002
ORD0096516,9.59,0.002
ORD0096517,23.3,0.002
ORD0096518,23.76,0.002
ORD0096519,17.89,0.002
ORD0096520,23.01,0.9794
ORD0096521,13.33,0.0152
ORD0096522,18.07,0.998
ORD0096523,17.34,0.002
ORD0096524,17.41,0.2184
ORD0096525,26.9,0.9813
ORD0096526,16.09,0.002
ORD0096527,14.49,0.002
ORD0096528,13.77,0.002
ORD0096529,21.31,0.002
ORD0096530,17.18,0.002
ORD0096531,10.34,0.002
ORD0096532,14.39,0.0037
ORD0096533,13.53,0.002
ORD0096534,19.09,0.0097
ORD0096535,20.8,0.002
ORD0096536,16.56,0.1335
ORD0096537,15.74,0.0289
ORD0096538,28.42,0.002
ORD0096539,11.83,0.7554
ORD0096540,13.02,0.4383
ORD0096541,13.92,0.002
ORD0096542,28.09,0.0156
ORD0096543,19.28,0.0114
ORD0096544,14.76,0.002
ORD0096545,29.41,0.2031
ORD0096546,16.7,0.2105
ORD0096547,17.33,0.002
ORD0096548,19.99,0.0083
ORD0096549,16.92,0.9233
ORD0096550,12.0,0.9027
ORD0096551,19.13,0.9969
ORD0096552,20.35,0.9917
ORD0096553,9.37,0.0126
ORD0096554,21.77,0.002
ORD0096555,25.1,0.002
ORD0096556,15.72,0.0256
ORD0096557,12.73,0.0045
ORD0096558,15.13,0.0914
ORD0096559,13.69,0.0135
ORD0096560,25.75,0.002
ORD0096561,17.29,0.3601
ORD0096562,16.46,0.0356
ORD0096563,22.77,0.0084
ORD0096564,17.5,0.0041
ORD0096565,16.4,0.024
ORD0096566,19.06,0.0989
ORD0096567,20.33,0.0071
ORD0096568,14.74,0.3273
ORD0096569,13.5,0.0497
ORD0096570,12.77,0.003
ORD0096571,15.11,0.7831
ORD0096572,11.23,0.0161
ORD0096573,11.02,0.0428
ORD0096574,16.16,0.0134
ORD0096575,13.89,0.3979
ORD0096576,12.67,0.3183
ORD0096577,8.24,0.002
ORD0096578,16.76,0.8822
ORD0096579,10.57,0.002
ORD0096580,7.3,0.017
ORD0096581,9.75,0.1117
ORD0096582,15.26,0.0629
ORD0096583,12.39,0.4543
ORD0096584,10.89,0.3283
ORD0096585,11.28,0.8477
ORD0096586,14.0,0.6475
ORD0096587,11.58,0.002
ORD0096588,11.39,0.002
ORD0096589,11.81,0.9777
ORD0096590,10.74,0.002
ORD0096591,8.13,0.0065
ORD0096592,7.91,0.002
ORD0096593,12.73,0.9943
ORD0096594,10.2,0.9974
ORD0096595,13.68,0.998
ORD0096596,11.41,0.0159
ORD0096597,11.5,0.0658
ORD0096598,15.91,0.002
ORD0096599,26.14,0.002
ORD0096600,28.41,0.4282
ORD0096601,9.61,0.0193
ORD0096602,12.08,0.9487
ORD0096603,15.82,0.244
ORD0096604,15.95,0.998
ORD0096605,21.21,0.002
ORD0096606,20.08,0.002
ORD0096607,18.38,0.0028
ORD0096608,20.82,0.0147
ORD0096609,19.62,0.0081
ORD0096610,16.35,0.002
ORD0096611,10.66,0.002
ORD0096612,16.83,0.5919
ORD0096613,18.76,0.002
ORD0096614,16.27,0.002
ORD0096615,73.17,0.002
ORD0096616,25.46,0.002
ORD0096617,24.31,0.9281
ORD0096618,9.07,0.469
ORD0096619,9.35,0.7884
ORD0096620,14.02,0.9884
ORD0096621,23.66,0.9956
ORD0096622,16.36,0.7297
ORD0096623,14.2,0.9147
ORD0096624,15.53,0.1917
ORD0096625,12.74,0.7441
ORD0096626,12.49,0.3553
ORD0096627,14.08,0.0759
ORD0096628,22.91,0.266
ORD0096629,15.13,0.5275
ORD0096630,15.53,0.9308
ORD0096631,42.72,0.2341
ORD0096632,20.17,0.002
ORD0096633,14.34,0.002
ORD0096634,15.73,0.002
ORD0096635,41.1,0.0035
ORD0096636,38.49,0.002
ORD0096637,21.11,0.0841
ORD0096638,22.41,0.0145
ORD0096639,8.91,0.002
ORD0096640,9.02,0.002
ORD0096641,9.09,0.002
ORD0096642,8.56,0.002
ORD0096643,12.82,0.002
ORD0096644,11.82,0.002
ORD0096645,15.51,0.0041
ORD0096646,18.21,0.0154
ORD0096647,24.41,0.002
ORD0096648,27.6,0.3768
ORD0096649,9.93,0.002
ORD0096650,10.47,0.002
ORD0096651,8.99,0.002
ORD0096652,12.89,0.007
ORD0096653,19.25,0.002
ORD0096654,23.75,0.002
ORD0096655,22.19,0.9878
ORD0096656,22.48,0.9969
ORD0096657,16.2,0.998
ORD0096658,19.5,0.998
ORD0096659,18.13,0.002
ORD0096660,18.17,0.002
ORD0096661,64.19,0.0248
ORD0096662,71.52,0.002
ORD0096663,56.07,0.002
ORD0096664,11.71,0.002
ORD0096665,11.84,0.002
ORD0096666,11.38,0.0387
ORD0096667,10.17,0.002
ORD0096668,18.87,0.002
ORD0096669,15.89,0.002
ORD0096670,10.06,0.002
ORD0096671,7.74,0.0023
ORD0096672,13.32,0.0039
ORD0096673,12.12,0.0254
ORD0096674,18.22,0.0233
ORD0096675,22.31,0.224
ORD0096676,15.55,0.5068
ORD0096677,22.34,0.9061
ORD0096678,21.28,0.002
ORD0096679,31.89,0.002
ORD0096680,11.61,0.9531
ORD0096681,14.16,0.002
ORD0096682,12.91,0.002
ORD0096683,22.87,0.033
ORD0096684,23.36,0.0436
ORD0096685,17.21,0.002
ORD0096686,11.72,0.002
ORD0096687,24.71,0.5003
ORD0096688,20.51,0.6879
ORD0096689,16.28,0.0055
ORD0096690,16.92,0.0053
ORD0096691,18.69,0.9595
ORD0096692,11.51,0.9616
ORD0096693,18.07,0.9965
ORD0096694,18.14,0.9922
ORD0096695,9.15,0.029
ORD0096696,9.96,0.0576
ORD0096697,60.79,0.002
ORD0096698,11.44,0.0604
ORD0096699,12.45,0.0077
ORD0096700,15.89,0.229
ORD0096701,12.92,0.0173
ORD0096702,24.13,0.0032
ORD0096703,19.39,0.002
ORD0096704,16.52,0.6231
ORD0096705,18.42,0.0115
ORD0096706,14.9,0.0604
ORD0096707,12.82,0.0091
ORD0096708,19.49,0.0207
ORD0096709,18.39,0.0139
ORD0096710,11.29,0.0461
ORD0096711,14.82,0.0276
ORD0096712,16.99,0.0118
ORD0096713,12.35,0.0084
ORD0096714,12.2,0.1546
ORD0096715,11.85,0.0774
ORD0096716,25.99,0.002
ORD0096717,10.98,0.0313
ORD0096718,9.51,0.014
ORD0096719,14.2,0.0139
ORD0096720,15.19,0.0056
ORD0096721,11.25,0.0081
ORD0096722,10.77,0.0026
ORD0096723,7.82,0.002
ORD0096724,8.31,0.0607
ORD0096725,12.35,0.1707
ORD0096726,8.98,0.0033
ORD0096727,8.22,0.0078
ORD0096728,7.83,0.1908
ORD0096729,12.61,0.0275
ORD0096730,11.09,0.1203
ORD0096731,11.9,0.7484
ORD0096732,10.21,0.002
ORD0096733,9.74,0.002
ORD0096734,8.29,0.002
ORD0096735,8.96,0.002
ORD0096736,5.97,0.002
ORD0096737,6.11,0.002
ORD0096738,9.63,0.002
ORD0096739,8.63,0.002
ORD0096740,7.1,0.0026
ORD0096741,7.75,0.0024
ORD0096742,10.7,0.0179
ORD0096743,9.44,0.002
ORD0096744,8.98,0.002
ORD0096745,12.36,0.002
ORD0096746,12.09,0.002
ORD0096747,18.07,0.002
ORD0096748,22.72,0.002
ORD0096749,8.25,0.002
ORD0096750,8.22,0.0192
ORD0096751,11.14,0.002
ORD0096752,19.64,0.002
ORD0096753,16.61,0.002
ORD0096754,15.53,0.002
ORD0096755,18.1,0.0038
ORD0096756,16.25,0.002
ORD0096757,12.6,0.002
ORD0096758,9.08,0.002
ORD0096759,14.07,0.0771
ORD0096760,14.06,0.002
ORD0096761,13.49,0.002
ORD0096762,15.16,0.1747
ORD0096763,14.95,0.1246
ORD0096764,7.61,0.0407
ORD0096765,6.99,0.0207
ORD0096766,11.98,0.6905
ORD0096767,9.22,0.3493
ORD0096768,18.04,0.9549
ORD0096769,19.51,0.8691
ORD0096770,11.69,0.0876
ORD0096771,11.17,0.0482
ORD0096772,12.78,0.9963
ORD0096773,13.33,0.9976
ORD0096774,21.28,0.9891
ORD0096775,18.73,0.9857
ORD0096776,17.08,0.9941
ORD0096777,10.7,0.9896
ORD0096778,14.84,0.004
ORD0096779,16.04,0.9753
ORD0096780,13.07,0.0229
ORD0096781,41.33,0.469
ORD0096782,19.86,0.9419
ORD0096783,12.43,0.002
ORD0096784,12.6,0.0062
ORD0096785,12.67,0.002
ORD0096786,17.41,0.002
ORD0096787,18.76,0.2408
ORD0096788,20.42,0.002
ORD0096789,16.34,0.0515
ORD0096790,18.47,0.002
ORD0096791,20.83,0.002
ORD0096792,24.83,0.0117
ORD0096793,38.76,0.2565
ORD0096794,30.46,0.0103
ORD0096795,10.95,0.002
ORD0096796,11.64,0.002
ORD0096797,25.18,0.002
ORD0096798,23.77,0.002
ORD0096799,23.46,0.6909
ORD0096800,21.32,0.9556
ORD0096801,17.82,0.7452
ORD0096802,23.45,0.002
ORD0096803,17.83,0.002
ORD0096804,24.46,0.0085
ORD0096805,31.06,0.9903
ORD0096806,19.15,0.002
ORD0096807,17.25,0.002
ORD0096808,15.45,0.0021
ORD0096809,24.5,0.002
ORD0096810,13.82,0.0152
ORD0096811,13.49,0.0244
ORD0096812,20.35,0.024
ORD0096813,29.35,0.2703
ORD0096814,22.08,0.1524
ORD0096815,29.78,0.3421
ORD0096816,45.15,0.002
ORD0096817,40.12,0.002
ORD0096818,17.49,0.9436
ORD0096819,16.13,0.9716
ORD0096820,19.44,0.002
ORD0096821,101.8,0.002
ORD0096822,58.21,0.5683
ORD0096823,27.13,0.002
ORD0096824,42.94,0.0464
ORD0096825,26.43,0.002
ORD0096826,19.01,0.002
ORD0096827,16.98,0.002
ORD0096828,31.28,0.7297
ORD0096829,26.45,0.0134
ORD0096830,24.01,0.0028
ORD0096831,17.85,0.9885
ORD0096832,26.36,0.998
ORD0096833,11.64,0.0296
ORD0096834,21.3,0.0677
ORD0096835,15.68,0.1668
ORD0096836,20.93,0.4064
ORD0096837,20.39,0.5177
ORD0096838,37.86,0.002
ORD0096839,29.01,0.0044
ORD0096840,22.26,0.8252
ORD0096841,26.27,0.8541
ORD0096842,25.48,0.011
ORD0096843,23.24,0.0178
ORD0096844,21.19,0.0596
ORD0096845,21.11,0.1491
ORD0096846,28.88,0.016
ORD0096847,21.53,0.0652
ORD0096848,21.04,0.0072
ORD0096849,14.01,0.2991
ORD0096850,14.74,0.0206
ORD0096851,22.82,0.0077
ORD0096852,18.57,0.0036
ORD0096853,19.93,0.3441
ORD0096854,12.29,0.847
ORD0096855,13.84,0.5976
ORD0096856,18.43,0.2003
ORD0096857,14.71,0.9508
ORD0096858,11.85,0.8921
ORD0096859,12.76,0.9746
ORD0096860,17.26,0.9842
ORD0096861,15.94,0.9946
ORD0096862,16.06,0.9944
ORD0096863,16.21,0.002
ORD0096864,15.57,0.002
ORD0096865,14.25,0.002
ORD0096866,13.23,0.002
ORD0096867,10.19,0.002
ORD0096868,13.24,0.002
ORD0096869,12.94,0.0126
ORD0096870,11.7,0.0048
ORD0096871,14.72,0.2714
ORD0096872,15.45,0.0327
ORD0096873,15.79,0.8446
ORD0096874,13.22,0.002
ORD0096875,13.89,0.002
ORD0096876,17.85,0.002
ORD0096877,21.31,0.066
ORD0096878,25.82,0.002
ORD0096879,27.55,0.0024
ORD0096880,11.91,0.002
ORD0096881,18.3,0.0028
ORD0096882,18.21,0.8488
ORD0096883,42.33,0.002
ORD0096884,141.32,0.007
ORD0096885,27.19,0.0171
ORD0096886,27.47,0.5758
ORD0096887,34.24,0.394
ORD0096888,27.78,0.9828
ORD0096889,16.93,0.002
ORD0096890,13.8,0.0025
ORD0096891,29.52,0.9978
ORD0096892,26.78,0.9883
ORD0096893,23.14,0.0033
ORD0096894,20.3,0.1046
ORD0096895,28.33,0.9875
ORD0096896,25.8,0.97
ORD0096897,14.25,0.9204
ORD0096898,12.71,0.9574
ORD0096899,15.6,0.9948
ORD0096900,14.97,0.9899
ORD0096901,40.43,0.998
ORD0096902,25.49,0.9957
ORD0096903,24.31,0.9622
ORD0096904,15.94,0.192
ORD0096905,16.25,0.1618
ORD0096906,16.97,0.5119
ORD0096907,15.26,0.4248
ORD0096908,24.28,0.8789
ORD0096909,23.2,0.1298
ORD0096910,21.29,0.9742
ORD0096911,15.43,0.352
ORD0096912,110.2,0.2741
ORD0096913,21.6,0.002
ORD0096914,18.24,0.002
ORD0096915,18.99,0.002
ORD0096916,20.47,0.002
ORD0096917,56.65,0.0404
ORD0096918,27.15,0.758
ORD0096919,30.82,0.0051
ORD0096920,33.35,0.002
ORD0096921,11.22,0.002
ORD0096922,13.49,0.9017
ORD0096923,10.66,0.002
ORD0096924,13.67,0.9977
ORD0096925,16.64,0.002
ORD0096926,19.2,0.998
ORD0096927,16.66,0.002
ORD0096928,13.98,0.002
ORD0096929,18.67,0.002
ORD0096930,21.51,0.0599
ORD0096931,24.94,0.0038
ORD0096932,28.19,0.9908
ORD0096933,39.22,0.0912
ORD0096934,12.31,0.002
ORD0096935,11.12,0.002
ORD0096936,13.43,0.002
ORD0096937,12.91,0.8873
ORD0096938,25.66,0.002
ORD0096939,24.45,0.0033
ORD0096940,19.71,0.0158
ORD0096941,24.7,0.998
ORD0096942,21.1,0.3223
ORD0096943,15.58,0.002
ORD0096944,17.81,0.0022
ORD0096945,28.59,0.9539
ORD0096946,33.17,0.998
ORD0096947,55.47,0.006
ORD0096948,75.62,0.9688
ORD0096949,40.32,0.002
ORD0096950,90.38,0.049
ORD0096951,30.85,0.002
ORD0096952,84.01,0.002
ORD0096953,15.92,0.002
ORD0096954,14.43,0.0021
ORD0096955,15.93,0.0038
ORD0096956,12.41,0.0185
ORD0096957,25.35,0.002
ORD0096958,23.02,0.002
ORD0096959,12.31,0.002
ORD0096960,20.35,0.0286
ORD0096961,28.93,0.002
ORD0096962,25.31,0.1578
ORD0096963,21.97,0.002
ORD0096964,43.31,0.002
ORD0096965,12.7,0.4649
ORD0096966,15.8,0.8714
ORD0096967,20.3,0.002
ORD0096968,17.72,0.002
ORD0096969,46.37,0.9647
ORD0096970,20.73,0.1992
ORD0096971,17.78,0.1774
ORD0096972,51.05,0.9979
ORD0096973,43.3,0.9963
ORD0096974,26.19,0.9964
ORD0096975,26.14,0.9001
ORD0096976,21.91,0.998
ORD0096977,26.1,0.998
ORD0096978,29.54,0.998
ORD0096979,13.68,0.9183
ORD0096980,13.68,0.9933
ORD0096981,17.26,0.4362
ORD0096982,16.11,0.014
ORD0096983,21.56,0.8335
ORD0096984,17.68,0.0591
ORD0096985,40.65,0.0034
ORD0096986,30.93,0.002
ORD0096987,23.36,0.9703
ORD0096988,19.29,0.2766
ORD0096989,29.27,0.0315
ORD0096990,31.73,0.002
ORD0096991,23.59,0.2495
ORD0096992,18.4,0.0126
ORD0096993,27.77,0.0219
ORD0096994,33.87,0.0038
ORD0096995,17.19,0.0478
ORD0096996,20.54,0.0142
ORD0096997,21.88,0.0115
ORD0096998,15.16,0.0029
ORD0096999,14.79,0.1188
ORD0097000,12.41,0.0476
ORD0097001,12.4,0.0269
ORD0097002,13.55,0.0316
ORD0097003,21.02,0.0069
ORD0097004,21.32,0.008
ORD0097005,17.27,0.2956
ORD0097006,16.23,0.0028
ORD0097007,14.39,0.1169
ORD0097008,18.33,0.7011
ORD0097009,10.13,0.0039
ORD0097010,9.95,0.1236
ORD0097011,14.18,0.0128
ORD0097012,18.31,0.6058
ORD0097013,12.75,0.0821
ORD0097014,14.26,0.002
ORD0097015,12.49,0.002
ORD0097016,12.29,0.002
ORD0097017,12.97,0.002
ORD0097018,11.42,0.002
ORD0097019,11.76,0.002
ORD0097020,8.34,0.002
ORD0097021,8.66,0.002
ORD0097022,11.12,0.002
ORD0097023,12.58,0.0258
ORD0097024,9.42,0.002
ORD0097025,12.15,0.3857
ORD0097026,12.42,0.002
ORD0097027,11.71,0.002
ORD0097028,11.82,0.002
ORD0097029,15.9,0.002
ORD0097030,19.52,0.1674
ORD0097031,25.4,0.002
ORD0097032,11.49,0.002
ORD0097033,14.66,0.002
ORD0097034,16.53,0.9506
ORD0097035,26.26,0.002
ORD0097036,73.65,0.002
ORD0097037,46.3,0.1144
ORD0097038,44.13,0.002
ORD0097039,67.89,0.002
ORD0097040,24.81,0.002
ORD0097041,20.74,0.002
ORD0097042,20.66,0.018
ORD0097043,22.45,0.1093
ORD0097044,28.42,0.3372
ORD0097045,19.17,0.002
ORD0097046,24.5,0.966
ORD0097047,19.94,0.9679
ORD0097048,17.18,0.002
ORD0097049,26.2,0.9897
ORD0097050,12.82,0.8863
ORD0097051,16.7,0.9971
ORD0097052,13.27,0.9177
ORD0097053,29.16,0.998
ORD0097054,26.59,0.9845
ORD0097055,20.29,0.9729
ORD0097056,16.32,0.5582
ORD0097057,18.87,0.2606
ORD0097058,14.66,0.1313
ORD0097059,15.76,0.5542
ORD0097060,13.73,0.6211
ORD0097061,27.5,0.444
ORD0097062,16.59,0.6549
ORD0097063,13.54,0.3481
ORD0097064,23.09,0.002
ORD0097065,22.57,0.0035
ORD0097066,17.75,0.002
ORD0097067,57.59,0.04
ORD0097068,38.62,0.002
ORD0097069,34.02,0.8381
ORD0097070,23.63,0.002
ORD0097071,11.93,0.002
ORD0097072,12.22,0.0031
ORD0097073,12.27,0.297
ORD0097074,11.95,0.5435
ORD0097075,18.61,0.0683
ORD0097076,17.1,0.1444
ORD0097077,16.95,0.002
ORD0097078,18.64,0.9973
ORD0097079,20.73,0.002
ORD0097080,23.29,0.9245
ORD0097081,31.97,0.0694
ORD0097082,37.44,0.0075
ORD0097083,39.69,0.998
ORD0097084,16.43,0.002
ORD0097085,12.4,0.002
ORD0097086,14.87,0.002
ORD0097087,13.48,0.9916
ORD0097088,30.57,0.0033
ORD0097089,30.53,0.8736
ORD0097090,22.33,0.9941
ORD0097091,31.62,0.002
ORD0097092,21.1,0.2183
ORD0097093,34.98,0.998
ORD0097094,65.61,0.0066
ORD0097095,72.4,0.002
ORD0097096,20.15,0.0021
ORD0097097,14.77,0.044
ORD0097098,14.61,0.002
ORD0097099,28.98,0.002
ORD0097100,13.28,0.002
ORD0097101,12.25,0.0161
ORD0097102,24.55,0.3625
ORD0097103,19.15,0.1511
ORD0097104,34.77,0.9454
ORD0097105,34.13,0.8951
ORD0097106,22.29,0.002
ORD0097107,37.36,0.002
ORD0097108,48.55,0.002
ORD0097109,14.76,0.002
ORD0097110,17.52,0.002
ORD0097111,16.76,0.002
ORD0097112,113.19,0.002
ORD0097113,39.06,0.1662
ORD0097114,19.65,0.0023
ORD0097115,32.48,0.9349
ORD0097116,24.48,0.014
ORD0097117,23.82,0.002
ORD0097118,24.31,0.9955
ORD0097119,11.39,0.0168
ORD0097120,26.79,0.998
ORD0097121,11.76,0.1332
ORD0097122,12.68,0.0058
ORD0097123,18.45,0.6768
ORD0097124,21.7,0.9529
ORD0097125,34.57,0.0071
ORD0097126,25.72,0.9951
ORD0097127,20.46,0.4448
ORD0097128,36.76,0.0491
ORD0097129,28.64,0.2426
ORD0097130,24.29,0.5474
ORD0097131,75.98,0.3774
ORD0097132,56.55,0.002
ORD0097133,41.59,0.3832
ORD0097134,19.59,0.804
ORD0097135,20.63,0.1836
ORD0097136,22.52,0.1108
ORD0097137,23.05,0.966
ORD0097138,19.0,0.6649
ORD0097139,52.49,0.002
ORD0097140,14.67,0.1657
ORD0097141,13.66,0.0227
ORD0097142,23.65,0.0392
ORD0097143,21.67,0.0061
ORD0097144,23.66,0.0114
ORD0097145,19.81,0.002
ORD0097146,16.91,0.9144
ORD0097147,17.78,0.647
ORD0097148,24.58,0.002
ORD0097149,56.74,0.002
ORD0097150,10.17,0.002
ORD0097151,14.36,0.0091
ORD0097152,16.44,0.0382
ORD0097153,13.15,0.0606
ORD0097154,12.91,0.002
ORD0097155,12.32,0.002
ORD0097156,11.97,0.002
ORD0097157,12.13,0.002
ORD0097158,11.95,0.0042
ORD0097159,8.22,0.002
ORD0097160,11.62,0.0971
ORD0097161,11.26,0.002
ORD0097162,12.0,0.7928
ORD0097163,13.64,0.9754
ORD0097164,10.75,0.002
ORD0097165,10.85,0.002
ORD0097166,11.09,0.002
ORD0097167,18.57,0.0051
ORD0097168,18.91,0.002
ORD0097169,29.99,0.002
ORD0097170,34.46,0.002
ORD0097171,15.76,0.2709
ORD0097172,13.33,0.0034
ORD0097173,23.18,0.8892
ORD0097174,21.58,0.0044
ORD0097175,22.09,0.0032
ORD0097176,25.48,0.1313
ORD0097177,29.15,0.8165
ORD0097178,25.26,0.0651
ORD0097179,14.59,0.002
ORD0097180,24.41,0.9898
ORD0097181,19.64,0.002
ORD0097182,21.25,0.002
ORD0097183,19.63,0.2879
ORD0097184,21.13,0.002
ORD0097185,10.15,0.0281
ORD0097186,18.85,0.7131
ORD0097187,26.24,0.9748
ORD0097188,17.61,0.0086
ORD0097189,16.91,0.1165
ORD0097190,17.16,0.5293
ORD0097191,14.78,0.7774
ORD0097192,13.52,0.8553
ORD0097193,28.91,0.8655
ORD0097194,25.05,0.684
ORD0097195,20.32,0.9701
ORD0097196,19.65,0.002
ORD0097197,17.5,0.002
ORD0097198,18.15,0.002
ORD0097199,18.61,0.002
ORD0097200,52.8,0.0132
ORD0097201,42.29,0.0062
ORD0097202,27.95,0.6265
ORD0097203,25.91,0.2069
ORD0097204,10.73,0.0332
ORD0097205,12.55,0.9409
ORD0097206,11.59,0.7548
ORD0097207,17.17,0.8
ORD0097208,16.14,0.3806
ORD0097209,13.72,0.002
ORD0097210,14.04,0.2034
ORD0097211,16.19,0.0049
ORD0097212,14.74,0.002
ORD0097213,29.19,0.0289
ORD0097214,25.03,0.0047
ORD0097215,35.05,0.7298
ORD0097216,34.72,0.1044
ORD0097217,11.43,0.002
ORD0097218,9.58,0.002
ORD0097219,10.96,0.002
ORD0097220,25.09,0.002
ORD0097221,21.34,0.0462
ORD0097222,18.8,0.0024
ORD0097223,15.78,0.057
ORD0097224,15.1,0.9611
ORD0097225,20.95,0.002
ORD0097226,14.21,0.002
ORD0097227,20.34,0.6959
ORD0097228,29.62,0.998
ORD0097229,14.47,0.002
ORD0097230,14.32,0.002
ORD0097231,12.14,0.002
ORD0097232,21.26,0.002
ORD0097233,23.23,0.002
ORD0097234,11.31,0.0033
ORD0097235,9.92,0.0106
ORD0097236,19.15,0.002
ORD0097237,14.28,0.0712
ORD0097238,23.22,0.0153
ORD0097239,18.05,0.0023
ORD0097240,30.86,0.002
ORD0097241,27.08,0.002
ORD0097242,43.99,0.002
ORD0097243,12.94,0.0633
ORD0097244,12.4,0.002
ORD0097245,17.13,0.002
ORD0097246,18.18,0.002
ORD0097247,86.65,0.002
ORD0097248,68.45,0.002
ORD0097249,27.31,0.0945
ORD0097250,24.85,0.0062
ORD0097251,19.45,0.002
ORD0097252,16.1,0.002
ORD0097253,37.91,0.8455
ORD0097254,18.7,0.0069
ORD0097255,20.79,0.9945
ORD0097256,11.3,0.1662
ORD0097257,21.49,0.998
ORD0097258,24.11,0.7679
ORD0097259,9.74,0.0668
ORD0097260,10.65,0.0056
ORD0097261,17.21,0.5825
ORD0097262,23.86,0.9198
ORD0097263,39.67,0.006
ORD0097264,25.7,0.2079
ORD0097265,23.71,0.9899
ORD0097266,30.9,0.0457
ORD0097267,21.92,0.4716
ORD0097268,20.29,0.875
ORD0097269,27.66,0.4578
ORD0097270,28.83,0.5756
ORD0097271,18.8,0.7918
ORD0097272,21.25,0.8697
ORD0097273,17.63,0.2259
ORD0097274,15.63,0.3237
ORD0097275,15.39,0.9596
ORD0097276,11.85,0.0782
ORD0097277,12.95,0.0032
ORD0097278,17.7,0.0259
ORD0097279,21.91,0.002
ORD0097280,14.57,0.0093
ORD0097281,10.3,0.002
ORD0097282,9.69,0.0124
ORD0097283,16.48,0.4688
ORD0097284,13.87,0.0976
ORD0097285,37.23,0.0021
ORD0097286,10.32,0.0039
ORD0097287,15.87,0.0233
ORD0097288,13.78,0.0728
ORD0097289,12.78,0.2188
ORD0097290,14.07,0.3708
ORD0097291,13.04,0.002
ORD0097292,13.23,0.5919
ORD0097293,11.91,0.002
ORD0097294,12.29,0.002
ORD0097295,11.48,0.0108
ORD0097296,14.13,0.9821
ORD0097297,8.24,0.002
ORD0097298,8.58,0.0077
ORD0097299,11.43,0.2718
ORD0097300,12.1,0.9057
ORD0097301,11.87,0.9933
ORD0097302,13.82,0.986
ORD0097303,11.7,0.002
ORD0097304,11.98,0.0605
ORD0097305,16.73,0.002
ORD0097306,23.73,0.002
ORD0097307,11.43,0.0021
ORD0097308,10.6,0.002
ORD0097309,15.24,0.0107
ORD0097310,15.12,0.002
ORD0097311,21.44,0.0043
ORD0097312,22.93,0.0085
ORD0097313,20.56,0.0731
ORD0097314,21.29,0.2492
ORD0097315,21.21,0.7291
ORD0097316,21.07,0.8953
ORD0097317,12.54,0.002
ORD0097318,11.68,0.002
ORD0097319,21.06,0.9933
ORD0097320,25.52,0.9929
ORD0097321,15.71,0.002
ORD0097322,17.34,0.002
ORD0097323,28.46,0.002
ORD0097324,23.7,0.9649
ORD0097325,22.46,0.9343
ORD0097326,12.58,0.5718
ORD0097327,9.56,0.3707
ORD0097328,17.88,0.987
ORD0097329,15.72,0.9839
ORD0097330,28.63,0.998
ORD0097331,19.16,0.8354
ORD0097332,17.35,0.7202
ORD0097333,33.63,0.0661
ORD0097334,15.86,0.9846
ORD0097335,17.74,0.9947
ORD0097336,15.25,0.9939
ORD0097337,27.87,0.9911
ORD0097338,22.83,0.9849
ORD0097339,22.85,0.9947
ORD0097340,21.56,0.048
ORD0097341,19.02,0.6279
ORD0097342,20.78,0.002
ORD0097343,61.72,0.9941
ORD0097344,35.99,0.0036
ORD0097345,28.66,0.998
